,tid,mjd,candid,fid,pid,diffmaglim,isdiffpos,nid,distnr,magpsf,magpsf_corr,magap,sigmapsf,sigmapsf_corr,sigmapsf_corr_ext,sigmagap,ra,dec,rb,rbversion,magapbig,sigmagapbig,has_stamp,corrected,dubious,step_id_corr,phase,parent_candid,drb,rfid
0,ztf,58431.23839120008,677238391615015112,1,677238391615,19.8142,1,677,0.458597,19.6099,16.91706,19.8797,0.345757,100.0,0.028949149,0.2378,43.7885848,3.7798761,0.673333,t12_f5_c3,19.824,0.277,False,True,False,bulk_1.0.0,0.0,696341032915015137,,
1,ztf,58439.30063659977,685300632915010180,2,685300632915,19.4008,-1,685,0.459167,17.8394,16.451832,17.3181,0.128046,100.0,0.035672948,0.0617,43.7885435,3.7798199,0.443333,t12_f5_c3,17.1893,0.0689,False,True,False,bulk_1.0.0,0.0,696341032915015137,,
2,ztf,58450.341030099895,696341032915015137,2,696341032915,18.74281,1,696,0.6315244,18.507124,16.064089,18.1466,0.16361134,100.0,0.01724245,0.1961,43.7884645,3.7797428,0.6433333,t8_f5_c3,18.1752,0.2555,True,True,False,bulk_1.0.0,0.0,0,0.0,453120229.0
