,tid,mjd,candid,fid,pid,diffmaglim,isdiffpos,nid,distnr,magpsf,magpsf_corr,magap,sigmapsf,sigmapsf_corr,sigmapsf_corr_ext,sigmagap,ra,dec,rb,rbversion,magapbig,sigmagapbig,has_stamp,corrected,dubious,step_id_corr,phase,parent_candid,drb,rfid
0,ztf,58428.31275459984,674312754315015014,1,674312754315,20.5999,1,674,0.96747,18.9194,15.565394,18.8008,0.16807,100.0,0.007653993,0.0991,44.011112,-16.4878714,0.59,t12_f5_c3,18.7335,0.1065,False,True,False,bulk_1.0.0,0.0,677237024315015023,,
1,ztf,58431.23702549981,677237024315015023,1,677237024315,19.556274,1,677,2.0207677,18.05498,,18.3022,0.1045532,,,0.0713,44.0112935,-16.4881196,0.7,t8_f5_c3,18.1843,0.0762,True,False,True,bulk_1.0.0,0.0,0,0.0,300120143.0
