,tid,mjd,candid,fid,pid,diffmaglim,isdiffpos,nid,distnr,magpsf,magap,sigmapsf,sigmagap,ra,dec,rb,rbversion,drb,magapbig,sigmagapbig,rfid,has_stamp,corrected,dubious,step_id_corr,phase,parent_candid
0,ztf,58425.29679400008,671296796315015003,2,671296796315,20.083204,1,671,3.7539546,19.180252,19.3387,0.10278814,0.1832,34.9025565,-14.5614047,0.82,t8_f5_c3,0.0,19.285,0.2215,299120263,False,False,False,bulk_1.0.0,0.0,680283076315015018
1,ztf,58425.34465279989,671344656315015006,1,671344656315,20.412298,1,671,3.7148118,19.103933,18.9503,0.082985096,0.0917,34.902551,-14.5614315,0.74666667,t8_f5_c3,0.0,18.9207,0.1125,299120163,False,False,False,bulk_1.0.0,0.0,677236576315015020
2,ztf,58428.26649310021,674266496315015001,2,674266496315,20.398708,1,674,3.7271087,19.093737,19.1257,0.10764033,0.1153,34.9025633,-14.5614332,0.72,t8_f5_c3,0.0,19.1229,0.1449,299120263,False,False,False,bulk_1.0.0,0.0,677236576315015020
3,ztf,58431.236574099865,677236576315015020,1,677236576315,19.756062,1,677,3.9099886,19.162495,19.3127,0.13993031,0.1398,34.9025785,-14.5613518,0.44333333,t8_f5_c3,0.0,19.2542,0.1683,299120163,False,False,False,bulk_1.0.0,0.0,683293106315015003
4,ztf,58431.28936340008,677289366315015011,2,677289366315,19.501453,1,677,3.5899804,19.089825,19.0574,0.15523331,0.1563,34.902522,-14.5614401,0.38,t8_f5_c3,0.0,19.2398,0.2351,299120263,False,False,False,bulk_1.0.0,0.0,683293106315015003
5,ztf,58434.28307869984,680283076315015018,1,680283076315,19.915339,1,680,3.5678701,19.432858,19.34,0.15743066,0.134,34.9025546,-14.5616013,0.36,t8_f5_c3,0.0,19.1819,0.1471,299120163,False,False,False,bulk_1.0.0,0.0,683293106315015003
6,ztf,58434.312627300154,680312626315015027,2,680312626315,19.57033,1,680,3.4783165,19.07259,19.4014,0.2132295,0.2001,34.9024327,-14.5613514,0.38666666,t8_f5_c3,0.0,19.4615,0.2693,299120263,False,False,False,bulk_1.0.0,0.0,683293106315015003
7,ztf,58437.29310189979,683293106315015003,2,683293106315,20.021734,1,683,3.67354,19.411098,19.3313,0.12400801,0.1767,34.9025665,-14.5614775,0.6933333,t8_f5_c3,0.0,19.074,0.1773,299120263,False,False,False,bulk_1.0.0,0.0,702255436315015004
8,ztf,58456.25543980021,702255436315015004,2,702255436315,20.21783,1,702,3.5823133,20.068033,20.0986,0.18983772,0.3326,34.9025218,-14.5614444,0.72333336,t8_f5_c3,0.0,20.3816,0.5483,299120263,True,False,False,bulk_1.0.0,0.0,0
