,tid,mjd,candid,fid,pid,diffmaglim,isdiffpos,nid,distnr,magpsf,magpsf_corr,magap,sigmapsf,sigmapsf_corr,sigmapsf_corr_ext,sigmagap,ra,dec,rb,rbversion,drb,magapbig,sigmagapbig,rfid,has_stamp,corrected,dubious,step_id_corr,phase,parent_candid
0,ztf,58431.35567130009,677355671815015013,2,677355671815,19.321217,1,677,1.1371123,16.0824,12.848326,16.2473,0.05215794,100.0,0.0026527185,0.0241,63.8304869,-10.8897693,0.74333334,t8_f5_c3,0.0,16.1274,0.0234,353120218,True,True,False,bulk_1.0.0,0.0,0
1,ztf,58462.3374073999,708337401815010003,1,708337401815,19.300327,-1,708,0.23874298,16.795084,13.487412,17.4032,0.19554053,100.0,0.009293261,0.0926,63.8308807,-10.8897239,0.31666666,t8_f5_c3,0.0,17.3896,0.1036,353120118,False,True,False,bulk_1.0.0,0.0,712273761815015006
2,ztf,58466.27376159979,712273761815015006,1,712273761815,16.90402,1,712,0.40732884,15.62327,13.300943,15.4244,0.11083089,100.0,0.013053594,0.0909,63.8307255,-10.8898183,0.63666666,t8_f5_c3,0.0,15.3749,0.1086,353120118,True,True,False,bulk_1.0.0,0.0,0
3,ztf,58900.165636599995,1146165631815015008,2,1146165631815,18.955858,1,1146,0.36827156,15.616415,12.819124,15.627,0.06970863,100.0,0.005301151,0.0252,63.8308548,-10.8898334,0.5271429,t17_f5_c3,0.04218242,15.6159,0.0291,353120218,True,True,False,bulk_1.0.0,0.0,0
4,ztf,59222.18752310006,1468187521815010043,1,1468187521815,18.753836,-1,1468,0.12508819,14.337329,14.059542,14.375,0.035271697,100.0,0.02730935,0.0083,63.8308203,-10.8897737,0.63857144,t17_f5_c3,0.98545814,14.363,0.0096,353120118,True,True,False,bulk_1.0.0,0.0,0
