,tid,mjd,candid,fid,pid,diffmaglim,isdiffpos,nid,distnr,magpsf,magpsf_corr,magap,sigmapsf,sigmapsf_corr,sigmapsf_corr_ext,sigmagap,ra,dec,rb,rbversion,magapbig,sigmagapbig,has_stamp,corrected,dubious,step_id_corr,phase,parent_candid,drb,rfid
0,ztf,58441.2691434999,687269141915015009,1,687269141915,19.5119,1,687,0.708306,19.598,17.68786,19.8611,0.283673,0.04623633,0.048838463,0.5469,61.0663335,-4.2971757,0.683333,t12_f5_c3,19.59,0.5457,False,True,False,bulk_1.0.0,0.0,702217261915015011,,
1,ztf,58441.30630790023,687306301915015011,2,687306301915,19.4331,1,687,0.348255,19.6268,17.35063,19.182,0.198537,100.0,0.024399066,0.3416,61.0663697,-4.2971201,0.686667,t12_f5_c3,19.2528,0.4665,False,True,False,bulk_1.0.0,0.0,702217261915015011,,
2,ztf,58447.37903939979,693379031915015008,2,693379031915,19.305374,1,693,0.34580395,19.04249,17.259449,19.3127,0.18373603,0.023587227,0.035561334,0.3271,61.0663358,-4.2970896,0.75666666,t8_f5_c3,19.4758,0.4863,False,True,False,bulk_1.0.0,0.0,702217261915015011,0.0,404120219.0
3,ztf,58456.21726850001,702217261915015011,2,702217261915,20.031384,1,702,0.4892883,19.418282,17.322739,19.6234,0.1604551,100.0,0.023288235,0.2303,61.0664531,-4.2971658,0.79333335,t8_f5_c3,19.355,0.2271,False,True,False,bulk_1.0.0,0.0,702252231915015007,0.0,404120219.0
4,ztf,58456.25223380001,702252231915015007,2,702252231915,20.317293,1,702,0.20414029,19.379953,17.317091,19.3089,0.12270017,100.0,0.018352723,0.1576,61.0663615,-4.2970336,0.85,t8_f5_c3,19.2823,0.1932,True,True,False,bulk_1.0.0,0.0,0,0.0,404120219.0
