,tid,mjd,candid,fid,pid,diffmaglim,isdiffpos,nid,distnr,magpsf,magap,sigmapsf,sigmagap,ra,dec,rb,rbversion,drb,magapbig,sigmagapbig,rfid,has_stamp,corrected,dubious,step_id_corr,phase,parent_candid
0,ztf,58487.22555560013,733225551715015014,1,733225551715,20.480406,1,733,9.198157,19.264277,19.0439,0.12616515,0.0951,84.5141104,3.6445889,0.51,t8_f5_c3,0.0,19.0522,0.1223,458120117.0,False,False,False,bulk_1.0.0,0.0,739265841715015013
1,ztf,58490.19270829996,736192701715015005,2,736192701715,20.223341,1,736,9.138726,18.516167,18.5887,0.064427555,0.0788,84.5140943,3.6445929,0.67333335,t8_f5_c3,0.0,18.5693,0.0989,458120217.0,False,False,False,bulk_1.0.0,0.0,739265841715015013
2,ztf,58493.22542819986,739225421715015012,1,739225421715,20.544424,1,739,9.201431,19.233631,19.2094,0.11296995,0.1063,84.5141056,3.6445559,0.5057143,t8_f5_c3,0.0,19.1412,0.1275,458120117.0,False,False,False,bulk_1.0.0,0.0,739265841715015013
3,ztf,58493.26584490016,739265841715015013,2,739265841715,20.306429,1,739,9.190217,18.913567,18.8269,0.104747646,0.0938,84.5141095,3.6445899,0.45857143,t8_f5_c3,0.0,18.924,0.1314,458120217.0,False,False,False,bulk_1.0.0,0.0,741244381715015072
4,ztf,58495.244386599865,741244381715015072,1,741244381715,20.124666,1,741,9.098642,19.665619,19.5624,0.16857758,0.1737,84.5140871,3.6445948,0.14285715,t15_f5_c3,0.0,19.6288,0.2368,458120117.0,True,False,False,bulk_1.0.0,0.0,0
5,ztf,59215.15163190011,1461151631715015004,1,1461151631715,18.8371,1,1461,9.28072,18.6975,18.6517,0.190222,0.189,84.5140817,3.6444186,0.345714,t17_f5_c3,,18.6151,0.2346,,False,False,False,bulk_1.0.0,0.0,1461236881715015009
6,ztf,59215.23688660003,1461236881715015009,2,1461236881715,19.307337,1,1461,9.221455,18.880314,18.9586,0.12628223,0.2164,84.5141153,3.6445678,0.7814286,t17_f5_c3,0.99999964,18.8321,0.2476,458120217.0,True,False,False,bulk_1.0.0,0.0,0
