,tid,mjd,candid,fid,pid,diffmaglim,isdiffpos,nid,distnr,magpsf,magap,sigmapsf,sigmagap,ra,dec,rb,rbversion,drb,magapbig,sigmagapbig,rfid,has_stamp,corrected,dubious,step_id_corr,phase,parent_candid
0,ztf,58720.16008100007,966160082115015012,1,966160082115,20.266338,1,966,2.1232376,19.077036,19.4246,0.100874975,0.1853,207.0664701,61.3261002,0.9042857,t17_f5_c3,0.9999999,19.3776,0.2262,821120121,False,False,False,bulk_1.0.0,0.0,972142362115015010
1,ztf,58723.14437500015,969144372115015019,2,969144372115,19.832716,1,969,1.9563085,18.846703,18.8178,0.14463355,0.1457,207.0664049,61.3260514,0.9185714,t17_f5_c3,0.9999795,18.9063,0.2016,821120221,False,False,False,bulk_1.0.0,0.0,972142362115015010
2,ztf,58723.18304400006,969183042115015007,1,969183042115,20.20364,1,969,2.1491249,18.921263,18.8302,0.11596773,0.1127,207.0664898,61.3261065,0.9457143,t17_f5_c3,0.999999,18.7839,0.1375,821120121,False,False,False,bulk_1.0.0,0.0,972142362115015010
3,ztf,58726.14236109983,972142362115015010,2,972142362115,19.918446,1,972,2.1911132,18.781534,18.6356,0.10941984,0.1201,207.0664542,61.3261178,0.93285716,t17_f5_c3,0.9999999,18.4648,0.1311,821120221,False,False,False,bulk_1.0.0,0.0,972153252115015011
4,ztf,58726.153252299875,972153252115015011,1,972153252115,20.217142,1,972,2.1245682,18.865257,18.9367,0.11904133,0.1208,207.0664099,61.326103,0.93142855,t17_f5_c3,0.9998836,19.0517,0.1706,821120121,False,False,False,bulk_1.0.0,0.0,980154592115015009
5,ztf,58734.15459490009,980154592115015009,1,980154592115,19.567625,1,980,1.9716734,19.352352,19.2161,0.16558214,0.2434,207.0664331,61.3260592,0.78571427,t17_f5_c3,0.9994632,18.9566,0.2457,821120121,True,False,False,bulk_1.0.0,0.0,0
