,tid,mjd,candid,fid,pid,diffmaglim,isdiffpos,nid,distnr,magpsf,magpsf_corr,magap,sigmapsf,sigmapsf_corr,sigmapsf_corr_ext,sigmagap,ra,dec,rb,rbversion,drb,magapbig,sigmagapbig,rfid,has_stamp,corrected,dubious,step_id_corr,phase,parent_candid
0,ztf,58768.134953700006,1014134953015010006,2,1014134953015,18.696072,-1,1014,0.22443071,18.65721,16.235872,19.2855,0.19319351,100.0,0.02077103,0.5884,19.8602721,17.8995069,0.71428573,t17_f5_c3,0.85649467,19.2074,0.6998,553120230.0,True,True,False,bulk_1.0.0,0.0,0
1,ztf,58788.13590280013,1034135903015010002,2,1034135903015,19.7608,-1,1034,0.280822,19.2116,16.19017,20.1329,0.151675,100.0,0.009383019,0.5074,19.8603882,17.8994153,0.611429,t17_f5_c3,,19.7478,0.4403,,False,True,False,bulk_1.0.0,0.0,1052192243015010002
2,ztf,58806.192245400045,1052192243015010002,1,1052192243015,20.439367,-1,1052,0.38968915,19.822662,17.055756,19.7732,0.19981208,100.0,0.015626391,0.2407,19.8604108,17.8995326,0.89428574,t17_f5_c3,0.9496896,19.7114,0.2801,553120130.0,True,True,False,bulk_1.0.0,0.0,0
3,ztf,58812.20524309995,1058205243015010000,2,1058205243015,20.2996,-1,1058,0.221235,19.3539,16.181952,20.0518,0.248154,100.0,0.013364154,0.3852,19.8603834,17.8994512,0.624286,t17_f5_c3,,20.0603,0.4703,,False,True,False,bulk_1.0.0,0.0,1083124873015010008
4,ztf,58837.124872699846,1083124873015010008,1,1083124873015,20.442625,-1,1083,0.16134553,19.807861,17.056921,19.6554,0.19820541,100.0,0.015730383,0.1876,19.8603352,17.8994857,0.78,t17_f5_c3,0.9974911,19.5529,0.2102,553120130.0,False,True,False,bulk_1.0.0,0.0,1084143403015010014
5,ztf,58838.143402799964,1084143403015010014,1,1084143403015,20.011856,-1,1084,0.16657948,19.756668,17.061089,19.769,0.21195517,100.0,0.017701594,0.2873,19.8603164,17.8994086,0.74,t17_f5_c3,0.99162805,19.7075,0.3394,553120130.0,False,True,False,bulk_1.0.0,0.0,1092096143015010011
6,ztf,58846.09614579985,1092096143015010011,1,1092096143015,20.497496,-1,1092,0.15026498,19.768862,17.060078,19.9372,0.15315343,100.0,0.012636092,0.234,19.860305,17.8994268,0.8157143,t17_f5_c3,0.99867094,20.0822,0.3279,553120130.0,True,True,False,bulk_1.0.0,0.0,0
