,tid,mjd,candid,fid,pid,diffmaglim,isdiffpos,nid,distnr,magpsf,magpsf_corr,magap,sigmapsf,sigmapsf_corr,sigmapsf_corr_ext,sigmagap,ra,dec,rb,rbversion,drb,magapbig,sigmagapbig,rfid,has_stamp,corrected,dubious,step_id_corr,phase,parent_candid
0,ztf,58514.41440969985,760414403515010014,2,760414403515,18.93303,-1,760,0.2650733,18.448313,16.545559,18.2276,0.16396312,100.0,0.02842136,0.2144,171.019285,69.3229422,0.36285713,t15_f5_c3,0.0,18.5277,0.3576,842120235.0,True,True,False,bulk_1.0.0,0.0,0
1,ztf,58692.18056710018,938180564615010075,2,938180564615,18.2882,-1,938,0.420134,18.0009,16.61781,17.5951,0.122021,100.0,0.03413488,0.1752,171.0196224,69.3230688,0.715714,t17_f5_c3,,17.4915,0.2035,,False,True,False,bulk_1.0.0,0.0,938205424615015026
2,ztf,58692.20542819984,938205424615015026,1,938205424615,19.827244,1,938,0.7987447,19.343416,16.968744,18.9661,0.20149162,100.0,0.022614554,0.1872,171.0187683,69.3231045,0.8242857,t17_f5_c3,0.9949582,18.9426,0.2291,843120146.0,True,True,False,bulk_1.0.0,0.0,0
