,tid,mjd,candid,fid,pid,diffmaglim,isdiffpos,nid,distnr,magpsf,magap,sigmapsf,sigmagap,ra,dec,rb,rbversion,drb,magapbig,sigmagapbig,rfid,has_stamp,corrected,dubious,step_id_corr,phase,parent_candid
0,ztf,58811.10109949997,1057101093515015037,1,1057101093515,19.814575,1,1057,11.967457,19.345837,19.2268,0.17132574,0.1746,273.8744388,55.0360882,0.62857145,t17_f5_c3,0.99981946,19.1934,0.2167,797120135.0,False,False,False,bulk_1.0.0,0.0,1058116153515015025
1,ztf,58811.10157410009,1057101574615015011,1,1057101574615,19.900269,1,1057,2.360674,19.179281,19.1388,0.15352193,0.1599,273.8745163,55.036121,0.75,t17_f5_c3,0.9999708,19.1191,0.2011,798120146.0,False,False,False,bulk_1.0.0,0.0,1058116153515015025
2,ztf,58812.095891200006,1058095894615015012,2,1058095894615,19.815527,1,1058,14.369551,19.313656,19.4462,0.19020489,0.2622,273.8743874,55.0360664,0.7871429,t17_f5_c3,0.9999948,19.5003,0.3536,798120246.0,False,False,False,bulk_1.0.0,0.0,1058116153515015025
3,ztf,58812.116157399956,1058116153515015025,1,1058116153515,19.808289,1,1058,11.75437,18.966684,18.8256,0.1497941,0.1301,273.8743005,55.0361283,0.74142855,t17_f5_c3,0.9999771,18.8012,0.1626,797120135.0,False,False,False,bulk_1.0.0,0.0,1076098714615015010
4,ztf,58812.12723380001,1058127234615015009,1,1058127234615,19.82902,1,1058,2.4915,19.14819,19.0752,0.14734538,0.1706,273.8744971,55.0360607,0.87857145,t17_f5_c3,0.9999542,18.8227,0.1734,798120146.0,False,False,False,bulk_1.0.0,0.0,1076098714615015010
5,ztf,58814.13628470013,1060136284615015006,2,1060136284615,18.9234,1,1060,14.2115,18.8819,19.1907,0.364618,0.259,273.8743432,55.0360354,0.397143,t17_f5_c3,,19.1176,0.3107,,False,False,False,bulk_1.0.0,0.0,1076098714615015010
6,ztf,58819.07806710014,1065078064615015032,1,1065078064615,17.8853,1,1065,2.09734,18.3814,19.0341,0.311938,1.0452,273.8743586,55.0361401,0.367143,t17_f5_c3,,18.6585,0.9505,,False,False,False,bulk_1.0.0,0.0,1076098714615015010
7,ztf,58830.098715300206,1076098714615015010,1,1076098714615,18.81144,1,1076,1.8705542,18.554052,18.5769,0.13528293,0.1987,273.8744494,55.036285,0.5271429,t17_f5_c3,0.9891654,18.4716,0.2316,798120146.0,True,False,False,bulk_1.0.0,0.0,0
