,tid,mjd,candid,fid,pid,diffmaglim,isdiffpos,nid,distnr,magpsf,magap,sigmapsf,sigmagap,ra,dec,rb,rbversion,magapbig,sigmagapbig,has_stamp,corrected,dubious,step_id_corr,phase,parent_candid,drb,rfid
0,ztf,58726.152349499986,972152345715015008,1,972152345715,20.3867,1,972,2.02493,20.3301,20.617,0.226708,0.5048,215.9072419,65.1321978,0.775714,t17_f5_c3,20.5219,0.59,False,False,False,bulk_1.0.0,0.0,980203045715015004,,
1,ztf,58734.13015050022,980130155715015009,2,980130155715,19.522259,1,980,4.7440276,18.88592,18.7158,0.13181926,0.1728,215.9073399,65.1321554,0.89428574,t17_f5_c3,18.5218,0.1847,False,False,False,bulk_1.0.0,0.0,995121345715015007,0.99984264,822120257.0
2,ztf,58734.20304400008,980203045715015004,1,980203045715,19.350983,1,980,2.450283,18.830257,18.8054,0.13418168,0.1717,215.9075181,65.1320766,0.75142854,t17_f5_c3,18.8002,0.2188,False,False,False,bulk_1.0.0,0.0,995121345715015007,0.99882346,822120157.0
3,ztf,58737.18023149995,983180235715015005,2,983180235715,19.407326,1,983,4.7499466,18.709446,18.6429,0.11050466,0.1859,215.9073496,65.1322059,0.9614286,t17_f5_c3,18.6677,0.2433,False,False,False,bulk_1.0.0,0.0,995137485715015005,0.99999976,822120257.0
4,ztf,58749.12134259986,995121345715015007,2,995121345715,19.888435,1,995,4.8031664,18.798906,18.8548,0.12926982,0.1566,215.9073847,65.1321977,0.9728571,t17_f5_c3,18.7298,0.1776,False,False,False,bulk_1.0.0,0.0,995137485715015005,0.9999964,822120257.0
5,ztf,58749.1374884001,995137485715015005,1,995137485715,20.00192,1,995,2.113482,18.781845,18.6257,0.10750855,0.0981,215.9073032,65.1321635,0.89285713,t17_f5_c3,18.5884,0.1203,True,False,False,bulk_1.0.0,0.0,0,0.99985325,822120157.0
