,tid,mjd,candid,fid,pid,diffmaglim,isdiffpos,nid,distnr,magpsf,magpsf_corr,magap,sigmapsf,sigmapsf_corr,sigmapsf_corr_ext,sigmagap,ra,dec,rb,rbversion,drb,magapbig,sigmagapbig,rfid,has_stamp,corrected,dubious,step_id_corr,phase,parent_candid
0,ztf,58469.5074306,715507430815010098,1,715507430815,20.163479,-1,715,0.2114973,19.425476,17.947834,19.3917,0.1303086,100.0,0.033413038,0.1729,229.222224,66.6084687,0.7366667,t8_f5_c3,0.0,19.2954,0.1992,846120108,True,True,False,bulk_1.0.0,0.0,0
1,ztf,58694.30695600016,940306950815010077,1,940306950815,20.441303,-1,940,0.116519235,19.569323,17.913826,19.3758,0.16124493,100.0,0.03509841,0.1404,229.2220105,66.6085023,0.6042857,t17_f5_c3,0.982934,19.1924,0.1486,846120108,False,True,False,bulk_1.0.0,0.0,941274520815015098
2,ztf,58695.2745254999,941274520815015098,2,941274520815,17.22702,1,941,0.14219233,16.589334,15.919664,16.2559,0.105807535,0.054356337,0.057101615,0.1585,229.2221305,66.6084275,0.6457143,t17_f5_c3,0.44255808,16.2931,0.2103,846120208,True,True,False,bulk_1.0.0,0.0,0
