,tid,mjd,candid,fid,pid,diffmaglim,isdiffpos,nid,distnr,magpsf,magpsf_corr,magap,sigmapsf,sigmapsf_corr,sigmapsf_corr_ext,sigmagap,ra,dec,rb,rbversion,magapbig,sigmagapbig,has_stamp,corrected,dubious,step_id_corr,phase,parent_candid,drb,rfid
0,ztf,58556.27379629994,802273792715025030,2,802273792715,20.0545,1,802,0.559173,18.8167,17.951477,18.9658,0.102203,100.0,0.046065323,0.1378,163.3860439,-4.2231011,0.688571,t15_f5_c3,18.8545,0.1536,False,True,False,bulk_1.0.0,0.0,818272912715015022,,
1,ztf,58556.338379600085,802338372715025041,1,802338372715,19.693504,1,802,0.9328457,19.147697,18.430672,18.9756,0.18307485,0.08832525,0.09458415,0.1173,163.3859509,-4.2229687,0.20714286,t15_f5_c3,18.8734,0.1337,False,True,False,bulk_1.0.0,0.0,818272912715015022,0.0,419120127.0
2,ztf,58559.25182869984,805251822715015028,2,805251822715,19.813173,1,805,0.3849411,18.77578,17.932842,19.2149,0.1091079,0.0072331917,0.050197355,0.2408,163.3859846,-4.2231264,0.64,t15_f5_c3,19.2685,0.3185,False,True,False,bulk_1.0.0,0.0,818272912715015022,0.0,419120227.0
3,ztf,58559.3126968001,805312692715015027,1,805312692715,19.377731,1,805,0.45700034,19.146338,18.42997,19.044,0.16146302,0.07631354,0.08346908,0.2146,163.3861244,-4.2231338,0.55,t15_f5_c3,18.9006,0.2399,False,True,False,bulk_1.0.0,0.0,818272912715015022,0.0,419120127.0
4,ztf,58567.23246529978,813232462715015035,2,813232462715,20.455376,1,813,0.4974545,19.197166,18.106728,19.3276,0.09084038,100.0,0.033273857,0.1678,163.3860261,-4.2231113,0.60142857,t15_f5_c3,19.3223,0.2035,False,True,False,bulk_1.0.0,0.0,818272912715015022,0.0,419120227.0
5,ztf,58572.272916700225,818272912715015022,2,818272912715,19.486588,1,818,0.56841564,19.226978,18.117552,19.3132,0.18610142,0.031929806,0.06698524,0.3785,163.3860513,-4.2231026,0.55,t15_f5_c3,19.1874,0.4262,True,True,False,bulk_1.0.0,0.0,0,0.0,419120227.0
