,tid,mjd,candid,fid,pid,diffmaglim,isdiffpos,nid,distnr,magpsf,magap,sigmapsf,sigmagap,ra,dec,rb,rbversion,drb,magapbig,sigmagapbig,rfid,has_stamp,corrected,dubious,step_id_corr,phase,parent_candid
0,ztf,58761.103425899986,1007103424015015001,1,1007103424015,19.401321,1,1007,4.615856,17.113596,17.0498,0.037955206,0.0467,213.8377174,49.3255878,0.7771429,t17_f5_c3,0.9933617,16.9601,0.0537,758120140,False,False,False,bulk_1.0.0,0.0,1007112174015015004
1,ztf,58761.11217590002,1007112174015015004,2,1007112174015,19.531136,1,1007,3.1690257,17.242887,17.4816,0.05938253,0.0685,213.8377045,49.3255738,0.7557143,t17_f5_c3,0.941315,17.1747,0.0637,758120240,True,False,False,bulk_1.0.0,0.0,0
2,ztf,58805.53416670021,1051534164015015000,1,1051534164015,19.448782,1,1051,4.740312,18.495447,18.3958,0.102870725,0.1398,213.8376491,49.3255881,0.7057143,t17_f5_c3,0.9991175,18.5961,0.2103,758120140,True,False,False,bulk_1.0.0,0.0,0
3,ztf,58852.56880789995,1098568804015015004,2,1098568804015,20.665354,1,1098,3.2777045,19.569458,19.8031,0.16761605,0.3274,213.8376095,49.3255672,0.38857144,t17_f5_c3,0.5033967,19.214,0.2212,758120240,False,False,False,bulk_1.0.0,0.0,1102556714015015002
4,ztf,58856.55671299994,1102556714015015002,1,1102556714015,20.735315,1,1102,4.9333534,19.616322,19.4182,0.14572479,0.1719,213.8376129,49.3255311,0.47857141,t17_f5_c3,0.8527022,19.3661,0.1982,758120140,True,False,False,bulk_1.0.0,0.0,0
