,tid,mjd,candid,fid,pid,diffmaglim,isdiffpos,nid,distnr,magpsf,magpsf_corr,magap,sigmapsf,sigmapsf_corr,sigmapsf_corr_ext,sigmagap,ra,dec,rb,rbversion,magapbig,sigmagapbig,has_stamp,corrected,dubious,step_id_corr,phase,parent_candid,drb,rfid
0,ztf,58584.22982640006,830229823915015017,1,830229823915,19.8151,1,830,1.06917,20.3845,19.96804,20.602,0.364265,0.24172822,0.24821801,0.6006,179.4616359,-16.8882187,0.152857,t15_f5_c3,20.2476,0.5571,False,True,False,bulk_1.0.0,0.0,853229363915015007,,
1,ztf,58592.248923600186,838248923915015003,2,838248923915,18.81345,1,838,0.33971858,18.738482,18.552847,19.1052,0.1598652,0.13416778,0.134741,0.482,179.4614927,-16.8885026,0.62,t15_f5_c3,19.2368,0.6997,False,True,False,bulk_1.0.0,0.0,863249373915015005,0.0,319120239.0
2,ztf,58599.18959489977,845189593915015014,1,845189593915,20.253408,1,845,0.07763791,18.30186,18.229755,18.3083,0.084184185,0.077949695,0.078774996,0.0601,179.4615236,-16.8884858,0.61,t15_f5_c3,18.3367,0.078,False,True,False,bulk_1.0.0,0.0,863249373915015005,0.0,319120139.0
3,ztf,58607.22936340002,853229363915015007,2,853229363915,20.020485,1,853,0.432466,18.497137,18.346056,18.4882,0.07437259,0.06389238,0.0647113,0.0851,179.4615241,-16.8885004,0.67,t15_f5_c3,18.4955,0.1092,False,True,False,bulk_1.0.0,0.0,863249373915015005,0.0,319120239.0
4,ztf,58617.24937500013,863249373915015005,2,863249373915,19.390717,1,863,0.51985097,19.116922,18.862364,19.5658,0.16800207,0.13186,0.1328897,0.5128,179.4615469,-16.8884888,0.46571428,t15_f5_c3,19.2218,0.4798,False,True,False,bulk_1.0.0,0.0,888212333915015008,0.0,319120239.0
5,ztf,58642.21233800007,888212333915015008,2,888212333915,20.075573,1,888,0.35754225,19.771923,19.344051,19.4399,0.16042426,0.105069,0.10817371,0.2063,179.4614763,-16.88848,0.76285714,t17_f5_c3,19.2465,0.2215,True,True,False,bulk_1.0.0,0.0,0,0.0,319120239.0
