,tid,mjd,candid,fid,pid,diffmaglim,isdiffpos,nid,distnr,magpsf,magpsf_corr,magap,sigmapsf,sigmapsf_corr,sigmapsf_corr_ext,sigmagap,ra,dec,rb,rbversion,magapbig,sigmagapbig,has_stamp,corrected,dubious,step_id_corr,phase,parent_candid,drb,rfid
0,ztf,58433.15603009984,679156034815015120,1,679156034815,19.367,1,679,0.312513,15.9827,12.680842,16.3328,0.065751,100.0,0.0031416593,0.0384,277.410705,71.9828465,0.586667,t12_f5_c3,16.3177,0.0399,False,True,False,bulk_1.0.0,0.0,682141994815015132,,
1,ztf,58436.141990699805,682141994815015132,1,682141994815,19.32746,1,682,1.1808172,16.863983,12.710071,17.2434,0.10094109,100.0,0.0022004067,0.0693,277.4101612,71.9830964,0.47333333,t8_f5_c3,17.0854,0.0642,True,True,False,bulk_1.0.0,0.0,0,0.0,848120148.0
2,ztf,58645.242881900165,891242884815015024,1,891242884815,16.7653,1,891,0.8711586,15.217908,12.6290455,15.493,0.053329807,100.0,0.0049138865,0.1103,277.4109533,71.9829838,0.39714286,t17_f5_c3,15.4856,0.1404,True,True,False,bulk_1.0.0,0.0,0,0.0,848120148.0
3,ztf,58768.1702083,1014170204815015147,1,1014170204815,19.2488,1,1014,0.235932,15.7986,12.671298,15.8587,0.035679,100.0,0.0020021277,0.0244,277.410677,71.982746,0.618571,t17_f5_c3,15.8764,0.028,False,True,False,bulk_1.0.0,0.0,1017170424815015201,,
4,ztf,58771.17042820016,1017170424815015201,1,1017170424815,19.04186,1,1017,0.6331599,15.504921,12.652537,15.4792,0.027197557,100.0,0.0019659675,0.0185,277.4104429,71.9829618,0.5342857,t17_f5_c3,15.4891,0.0215,True,True,False,bulk_1.0.0,0.0,0,0.940764,848120148.0
5,ztf,59024.28562500002,1270285624815010042,1,1270285624815,20.018389,-1,1270,1.0989357,16.279346,12.776268,16.7107,0.056822736,100.0,0.0022557494,0.0525,277.4095241,71.9828465,0.3014286,t17_f5_c3,16.7617,0.057,True,True,False,bulk_1.0.0,0.0,0,0.05152699,848120148.0
