,tid,mjd,candid,fid,pid,diffmaglim,isdiffpos,nid,distnr,magpsf,magpsf_corr,magap,sigmapsf,sigmapsf_corr,sigmapsf_corr_ext,sigmagap,ra,dec,rb,rbversion,magapbig,sigmagapbig,has_stamp,corrected,dubious,step_id_corr,phase,parent_candid,drb,rfid
0,ztf,58783.16761570005,1029167613715015000,1,1029167613715,19.8216,1,1029,0.611298,16.0179,12.375414,16.2874,0.041682,100.0,0.0014553049,0.0337,258.9682444,56.7270421,0.281429,t17_f5_c3,16.3085,0.036,False,True,False,bulk_1.0.0,0.0,1033166083715015000,,
1,ztf,58785.16731479997,1031167313715015000,1,1031167313715,19.8219,1,1031,0.666024,16.3644,12.385821,16.456,0.058392,100.0,0.0014959652,0.0402,258.9682246,56.7270398,0.221429,t17_f5_c3,16.4385,0.0416,False,True,False,bulk_1.0.0,0.0,1033166083715015000,,
2,ztf,58786.17376160016,1032173763715015001,1,1032173763715,19.4989,1,1032,0.797633,16.1319,12.379199,16.2613,0.048219,100.0,0.001521029,0.035,258.968284,56.7269389,0.367143,t17_f5_c3,16.2577,0.0369,False,True,False,bulk_1.0.0,0.0,1033166083715015000,,
3,ztf,58787.16608799994,1033166083715015000,1,1033166083715,19.31353,1,1033,1.4058061,15.889114,,16.3102,0.038237635,,,0.035,258.9678641,56.7269732,0.38857144,t17_f5_c3,16.2718,0.036,False,False,True,bulk_1.0.0,0.0,1034167013715015000,0.00760677,796120137.0
4,ztf,58788.16701389989,1034167013715015000,1,1034167013715,19.488152,1,1034,1.1369153,16.53484,12.38987,16.8579,0.06919425,100.0,0.0015208349,0.0583,258.9679948,56.7269927,0.24714285,t17_f5_c3,16.8256,0.0601,True,True,False,bulk_1.0.0,0.0,0,0.0031141,796120137.0
5,ztf,58994.402627300005,1240402623715015001,1,1240402623715,20.8146,1,1240,0.216763,16.8361,12.395667,16.7029,0.076704,100.0,0.0012842369,0.0414,258.9684266,56.7270864,0.234286,t17_f5_c3,16.6922,0.0417,False,True,False,bulk_1.0.0,0.0,1262345343715015002,,
6,ztf,59016.345347200055,1262345343715015002,1,1262345343715,20.588587,1,1262,0.67196864,16.352835,12.385524,16.3017,0.054572795,100.0,0.0014127055,0.0325,258.9682936,56.7269776,0.27714285,t17_f5_c3,16.2897,0.0327,True,True,False,bulk_1.0.0,0.0,0,0.07641283,796120137.0
