,tid,mjd,candid,fid,pid,diffmaglim,isdiffpos,nid,distnr,magpsf,magpsf_corr,magap,sigmapsf,sigmapsf_corr,sigmapsf_corr_ext,sigmagap,ra,dec,rb,rbversion,drb,magapbig,sigmagapbig,rfid,has_stamp,corrected,dubious,step_id_corr,phase,parent_candid
0,ztf,58688.329502299894,934329501415015062,1,934329501415,19.346407,1,934,0.54256195,17.600685,16.237776,17.4887,0.06161819,0.01332317,0.017560827,0.0709,242.4451229,72.6764638,0.79714286,t17_f5_c3,0.9999763,17.4207,0.0836,864120114.0,False,True,False,bulk_1.0.0,0.0,941305741415015144
1,ztf,58694.30844909977,940308441415010062,1,940308441415,19.9771,-1,940,0.46896,18.2018,16.884544,18.2245,0.076586,0.009348612,0.022763949,0.0771,242.4450204,72.676746,0.674286,t17_f5_c3,,18.1937,0.0932,,False,True,False,bulk_1.0.0,0.0,941305741415015144
2,ztf,58695.2763772998,941276371415010038,2,941276371415,18.5731,-1,941,0.425901,16.5678,15.446729,16.7418,0.079448,0.022127159,0.028291397,0.0799,242.4447492,72.6766919,0.694286,t17_f5_c3,,16.7782,0.1046,,False,True,False,bulk_1.0.0,0.0,941305741415015144
3,ztf,58695.3057407001,941305741415015144,1,941305741415,19.787153,1,941,0.91915625,18.214277,16.380322,18.0921,0.10393979,0.014081637,0.019195521,0.0755,242.4451223,72.6763593,0.54285717,t17_f5_c3,0.9983414,18.086,0.0927,864120114.0,True,True,False,bulk_1.0.0,0.0,0
4,ztf,59026.26533559989,1272265331415015027,2,1272265331415,17.611124,1,1272,1.3426216,15.778501,14.644909,15.7004,0.07143016,0.023691587,0.02514461,0.0478,242.4458911,72.67633,0.63,t17_f5_c3,0.9116707,15.6926,0.0597,864120214.0,True,True,False,bulk_1.0.0,0.0,0
