,tid,mjd,candid,fid,pid,diffmaglim,isdiffpos,nid,distnr,magpsf,magpsf_corr,magap,sigmapsf,sigmapsf_corr,sigmapsf_corr_ext,sigmagap,ra,dec,rb,rbversion,drb,magapbig,sigmagapbig,rfid,has_stamp,corrected,dubious,step_id_corr,phase,parent_candid
0,ztf,58827.273206000216,1073273204415015001,2,1073273204415,19.575562,1,1073,0.74598414,17.935886,17.83323,18.0238,0.04983828,0.04476387,0.04534198,0.088,88.1632744,70.8869028,0.95857143,t17_f5_c3,0.9999999,17.8965,0.1001,838120244.0,False,True,False,bulk_1.0.0,0.0,1.074314884415015e+18
1,ztf,58828.31488429988,1074314884415015006,2,1074314884415,19.578987,1,1074,0.70564336,19.02005,18.761253,19.087,0.10432741,0.08043154,0.08220155,0.2744,88.1632769,70.8869142,0.80857146,t17_f5_c3,0.9988135,19.1288,0.3659,838120244.0,True,True,False,bulk_1.0.0,0.0,0.0
2,ztf,59229.26295140013,1475262954415015001,2,1475262954415,19.6287,1,1475,1.11101,18.6814,18.486126,18.6734,0.11697,0.09682442,0.09771582,0.0785,88.163531,70.8868144,0.218571,t17_f5_c3,,18.6276,0.0958,,False,True,False,bulk_1.0.0,0.0,1.475329524415015e+18
3,ztf,59229.32952550007,1475329524415015002,1,1475329524415,19.980331,1,1475,0.73157257,18.74458,18.628252,18.8284,0.10487815,0.09400469,0.09422236,0.0801,88.163439,70.8867795,0.70857143,t17_f5_c3,0.99966043,18.8679,0.1055,838120144.0,True,True,False,bulk_1.0.0,0.0,0.0
4,ztf,59467.46718750009,1713467184415015003,1,1713467184415,20.58037,1,1713,0.3227226,18.431335,18.343012,18.4742,0.061199177,0.05620271,0.056417827,0.0576,88.1633317,70.886893,0.95,t17_f5_c3,0.99999934,18.485,0.0734,838120144.0,True,True,False,correction_1.0.6,0.0,
5,ztf,59467.491111100186,1713491114415015002,2,1713491114415,20.62063,1,1713,0.77797455,17.881378,17.78353,17.8734,0.041222483,0.037033588,0.03766989,0.0338,88.1633486,70.8868951,0.9357143,t17_f5_c3,0.9999709,17.861,0.0417,838120244.0,True,True,False,correction_1.0.6,0.0,
6,ztf,59674.17414350016,1920174144415015001,1,1920174144415,20.323812,1,1920,0.40018508,19.0391,18.88893,19.0431,0.118421696,0.1028032,0.1031248,0.1193,88.1633998,70.8868744,0.9014286,t17_f5_c3,0.9998882,19.0373,0.1514,838120144.0,True,True,False,correction_1.0.6,0.0,
7,ztf,59674.21960650012,1920219604415015006,2,1920219604415,20.190138,1,1920,0.78872293,18.682112,18.486721,18.9118,0.07378003,0.060203675,0.061628606,0.1167,88.1633294,70.8868879,0.9,t17_f5_c3,0.99999535,18.9285,0.1512,838120244.0,True,True,False,correction_1.0.6,0.0,
