,tid,mjd,candid,fid,pid,diffmaglim,isdiffpos,nid,distnr,magpsf,magap,sigmapsf,sigmagap,ra,dec,rb,rbversion,drb,magapbig,sigmagapbig,rfid,has_stamp,corrected,dubious,step_id_corr,phase,parent_candid
0,ztf,58836.22817130014,1082228175215015004,1,1082228175215,20.481203,1,1082,2.9739726,19.66905,19.6554,0.16966978,0.1906,90.6782923,65.5067827,0.8642857,t17_f5_c3,0.99999166,19.9309,0.3096,812120152.0,False,False,False,bulk_1.0.0,0.0,1092240475215015004
1,ztf,58836.45011569979,1082450115215015003,2,1082450115215,20.0207,1,1082,2.99432,19.7751,19.1652,0.213717,0.1915,90.6782416,65.5066826,0.315714,t17_f5_c3,,19.1468,0.2375,,False,False,False,bulk_1.0.0,0.0,1092240475215015004
2,ztf,58837.22508100001,1083225085215015011,1,1083225085215,20.042557,1,1083,3.3329504,19.596949,19.5983,0.20030223,0.201,90.6784157,65.5066896,0.63,t17_f5_c3,0.9999871,19.8003,0.3069,812120152.0,False,False,False,bulk_1.0.0,0.0,1092240475215015004
3,ztf,58846.24047450023,1092240475215015004,1,1092240475215,20.368216,1,1092,3.0337193,19.667812,19.7443,0.16405152,0.2064,90.6783388,65.5067794,0.85714287,t17_f5_c3,0.9999995,19.7383,0.2593,812120152.0,False,False,False,bulk_1.0.0,0.0,1095178715215015004
4,ztf,58846.28648150014,1092286485215015004,2,1092286485215,20.07479,1,1092,2.870937,19.699703,19.7065,0.16581593,0.2905,90.6783039,65.5067671,0.92142856,t17_f5_c3,0.99978906,19.9409,0.4536,812120252.0,False,False,False,bulk_1.0.0,0.0,1095178715215015004
5,ztf,58849.14153939998,1095141535215015009,1,1095141535215,20.351543,1,1095,3.1786573,19.876127,19.8944,0.20437841,0.2746,90.6783608,65.5067273,0.7771429,t17_f5_c3,0.99994737,20.2705,0.4921,812120152.0,False,False,False,bulk_1.0.0,0.0,1095178715215015004
6,ztf,58849.178715299815,1095178715215015004,2,1095178715215,20.226925,1,1095,2.9173799,19.860292,19.8271,0.20292635,0.3032,90.6784359,65.5068217,0.89285713,t17_f5_c3,0.9937551,20.0988,0.4887,812120252.0,True,False,False,bulk_1.0.0,0.0,0
