,tid,mjd,candid,fid,pid,diffmaglim,isdiffpos,nid,distnr,magpsf,magap,sigmapsf,sigmagap,ra,dec,rb,rbversion,drb,magapbig,sigmagapbig,rfid,has_stamp,corrected,dubious,step_id_corr,phase,parent_candid
0,ztf,58679.19880789984,925198805215015000,2,925198805215,19.65627,1,925,3.5089,18.85555,18.4617,0.13518502,0.1732,172.1353011,58.5624564,0.8057143,t17_f5_c3,0.99918365,18.4788,0.2274,788120252,False,False,False,bulk_1.0.0,0.0,932175555215015002
1,ztf,58686.17555559985,932175555215015002,1,932175555215,19.951927,1,932,5.5003915,19.0857,18.8808,0.11108782,0.1699,172.1352428,58.5624572,0.76,t17_f5_c3,0.997083,18.5097,0.1558,788120152,True,False,False,bulk_1.0.0,0.0,0
2,ztf,58785.50753469998,1031507530315015006,2,1031507530315,19.9463,1,1031,3.303749,18.97102,18.8224,0.1255158,0.212,172.1353147,58.5624451,0.8042857,t17_f5_c3,0.99948835,19.3697,0.4564,818120203,False,False,False,bulk_1.0.0,0.0,1031507985215015001
3,ztf,58785.507986099925,1031507985215015001,2,1031507985215,20.018627,1,1031,3.2433758,18.959398,18.7689,0.15683879,0.1898,172.1354108,58.5623696,0.89285713,t17_f5_c3,0.99994886,18.8519,0.265,788120252,False,False,False,bulk_1.0.0,0.0,1038512955215015003
4,ztf,58792.51295140013,1038512955215015003,2,1038512955215,20.031395,1,1038,3.4683268,19.20119,18.99,0.1598437,0.2352,172.1353191,58.5624504,0.87,t17_f5_c3,0.95762396,19.1682,0.3584,788120252,False,False,False,bulk_1.0.0,0.0,1039519170315015002
5,ztf,58793.51917820005,1039519170315015002,2,1039519170315,19.960016,1,1039,3.2098389,19.22726,19.3958,0.15369289,0.3609,172.1353554,58.562411,0.89857143,t17_f5_c3,0.9986019,19.5624,0.5446,818120203,True,False,False,bulk_1.0.0,0.0,0
