,tid,mjd,candid,fid,pid,diffmaglim,isdiffpos,nid,distnr,magpsf,magpsf_corr,magap,sigmapsf,sigmapsf_corr,sigmapsf_corr_ext,sigmagap,ra,dec,rb,rbversion,drb,magapbig,sigmagapbig,rfid,has_stamp,corrected,dubious,step_id_corr,phase,parent_candid
0,ztf,58466.22415510006,712224151715010007,2,712224151715,17.453117,-1,712,0.6049631,15.184534,12.866324,15.2508,0.04816267,100.0,0.0056941225,0.045,332.3614515,76.1129855,0.49333334,t8_f5_c3,0.0,15.2502,0.0558,867120217,False,True,False,bulk_1.0.0,0.0,7.3415387171501e+17
1,ztf,58488.15387730021,734153871715010006,1,734153871715,18.900076,-1,734,0.29354897,15.835017,13.689998,15.9063,0.036156207,100.0,0.0050138915,0.0272,332.3612378,76.1130656,0.6,t8_f5_c3,0.0,15.9131,0.0326,867120117,True,True,False,bulk_1.0.0,0.0,0.0
2,ztf,58819.08677079994,1065086771715015026,2,1065086771715,18.917933,1,1065,1.5449377,15.590656,,15.4999,0.041678924,,,0.0229,332.362103,76.1127684,0.37714285,t17_f5_c3,0.22713235,15.5147,0.0264,867120217,False,False,True,bulk_1.0.0,0.0,1.075117391715015e+18
3,ztf,58819.1780555998,1065178051715015039,1,1065178051715,19.584581,1,1065,0.43054166,16.151022,13.454407,16.0575,0.044740047,100.0,0.0037329341,0.0211,332.3607443,76.1131965,0.80142856,t17_f5_c3,0.3688968,16.0437,0.0232,867120117,False,True,False,bulk_1.0.0,0.0,1.075117391715015e+18
4,ztf,58829.11739580007,1075117391715015011,1,1075117391715,16.809816,1,1075,0.53057575,15.300187,13.351673,15.1559,0.043650754,100.0,0.007254142,0.0755,332.3605834,76.1129549,0.63714284,t17_f5_c3,0.9366321,15.1026,0.0918,867120117,True,True,False,bulk_1.0.0,0.0,0.0
5,ztf,58956.496157399844,1202496151715015081,2,1202496151715,19.473682,1,1202,0.23254384,15.040414,12.621243,14.9394,0.047410678,100.0,0.00510749,0.0112,332.3608832,76.1130218,0.6514286,t17_f5_c3,0.00572035,14.9288,0.012,867120217,True,True,False,bulk_1.0.0,0.0,0.0
6,ztf,59076.30634259991,1322306341715015044,1,1322306341715,18.595991,1,1322,0.47341222,14.832199,13.258556,14.7859,0.057076294,0.0089719435,0.013396724,0.0174,332.3611521,76.1129618,0.5657143,t17_f5_c3,0.27145487,14.7513,0.0197,867120117,True,True,False,bulk_1.0.0,0.0,0.0
7,ztf,59697.40890049981,1943408901715010034,2,1943408901715,15.131768,-1,1943,0.21022141,12.955088,14.6316595,13.0392,0.04268,0.18082541,0.19991854,0.0459,332.3609045,76.1130332,0.56,t17_f5_c3,0.7866676,13.0488,0.059,867120217,True,True,False,correction_1.0.6,0.0,
