,tid,mjd,candid,fid,pid,diffmaglim,isdiffpos,nid,distnr,magpsf,magpsf_corr,magap,sigmapsf,sigmapsf_corr,sigmapsf_corr_ext,sigmagap,ra,dec,rb,rbversion,magapbig,sigmagapbig,has_stamp,corrected,dubious,step_id_corr,phase,parent_candid,drb,rfid
0,ztf,58557.275358799845,803275353115025025,1,803275353115,19.2962,1,803,1.07814,19.6412,18.99969,19.3295,0.337891,0.18540677,0.18714264,0.2489,160.4343912,-25.9005816,0.141429,t15_f5_c3,19.2128,0.2866,False,True,False,bulk_1.0.0,0.0,814230083115015019,,
1,ztf,58560.25085650012,806250853115015016,1,806250853115,19.0211,1,806,0.749469,19.1123,18.675768,18.7671,0.232729,0.15453373,0.15568163,0.2483,160.4346635,-25.9007712,0.47,t15_f5_c3,18.6751,0.2929,False,True,False,bulk_1.0.0,0.0,814230083115015019,,
2,ztf,58568.2300809999,814230083115015019,1,814230083115,20.093193,1,814,0.42529634,19.638641,18.998272,19.4961,0.16253226,0.086461,0.09011391,0.1984,160.4346794,-25.9006798,0.5657143,t15_f5_c3,19.414,0.2347,True,True,False,bulk_1.0.0,0.0,0,0.0,267120131.0
