,tid,mjd,candid,fid,pid,diffmaglim,isdiffpos,nid,distnr,magpsf,magpsf_corr,magap,sigmapsf,sigmapsf_corr,sigmapsf_corr_ext,sigmagap,ra,dec,rb,rbversion,drb,magapbig,sigmagapbig,rfid,has_stamp,corrected,dubious,step_id_corr,phase,parent_candid
0,ztf,58758.13489580015,1004134892415015002,1,1004134892415,20.18521,1,1004,1.35704,19.514889,19.399944,19.3797,0.18278706,0.16398244,0.16442493,0.1806,232.9336432,61.8331462,0.47857141,t17_f5_c3,0.99997973,19.2773,0.2113,823120124,False,True,False,bulk_1.0.0,0.0,1014122512415015004
1,ztf,58761.1140509001,1007114052415015002,2,1007114052415,20.069065,1,1007,1.2129333,19.00764,18.857658,18.7321,0.10495908,0.09087562,0.091417044,0.1263,232.9336369,61.8331833,0.88714284,t17_f5_c3,0.99994886,18.8929,0.1887,823120224,False,True,False,bulk_1.0.0,0.0,1014122512415015004
2,ztf,58765.11577549996,1011115772415015002,2,1011115772415,19.900839,1,1011,1.2333488,18.821299,18.693636,18.8514,0.10083565,0.08924195,0.089649804,0.1677,232.9335976,61.8331881,0.9457143,t17_f5_c3,0.9999943,19.0659,0.2631,823120224,False,True,False,bulk_1.0.0,0.0,1014122512415015004
3,ztf,58768.122511600144,1014122512415015004,2,1014122512415,19.451237,1,1014,1.2864723,18.718777,18.602022,18.8133,0.13507113,0.12104563,0.12129994,0.2165,232.9335853,61.8332019,0.95,t17_f5_c3,0.9999887,18.6815,0.2467,823120224,False,True,False,bulk_1.0.0,0.0,1028111312415015004
4,ztf,58771.10277780006,1017102772415015000,2,1017102772415,19.423294,1,1017,1.1302644,18.802969,18.677324,18.9095,0.12903604,0.1146269,0.114935316,0.2066,232.9337419,61.8331761,0.94285715,t17_f5_c3,0.9999956,18.8088,0.2426,823120224,False,True,False,bulk_1.0.0,0.0,1028111312415015004
5,ztf,58771.11335649993,1017113352415015000,1,1017113352415,19.293331,1,1017,1.160946,18.789469,18.729023,18.3994,0.122068405,0.115275234,0.11545824,0.1464,232.9337707,61.8331282,0.70714283,t17_f5_c3,0.9999945,18.5137,0.2087,823120124,False,True,False,bulk_1.0.0,0.0,1028111312415015004
6,ztf,58775.11851850012,1021118512415015005,1,1021118512415,20.02526,1,1021,1.5571241,19.190172,,19.2821,0.12857231,,,0.1882,232.9336601,61.8332298,0.9357143,t17_f5_c3,0.99999875,19.4114,0.2723,823120124,False,False,True,bulk_1.0.0,0.0,1028111312415015004
7,ztf,58782.111319399904,1028111312415015004,2,1028111312415,19.671768,1,1028,1.0320292,19.11808,18.953201,19.2533,0.14213942,0.12163051,0.12211336,0.2597,232.9336641,61.833139,0.94142854,t17_f5_c3,0.9999996,19.2779,0.3422,823120224,True,True,False,bulk_1.0.0,0.0,0
