,tid,mjd,candid,fid,pid,diffmaglim,isdiffpos,nid,distnr,magpsf,magpsf_corr,magap,sigmapsf,sigmapsf_corr,sigmapsf_corr_ext,sigmagap,ra,dec,rb,rbversion,drb,magapbig,sigmagapbig,rfid,has_stamp,corrected,dubious,step_id_corr,phase,parent_candid
0,ztf,58769.13162040012,1015131621915010033,2,1015131621915,18.269579,-1,1015,0.74912167,18.481705,16.39187,18.856,0.19406848,100.0,0.028315289,0.629,19.4537191,17.3906854,0.61714286,t17_f5_c3,0.9795942,18.8958,0.8367,552120219,True,True,False,bulk_1.0.0,0.0,0
1,ztf,59117.354305599816,1363354301915010022,2,1363354301915,20.770922,-1,1363,0.47411618,20.008135,16.278429,20.1032,0.18782108,100.0,0.0060514887,0.3156,19.4537725,17.3907466,0.6757143,t17_f5_c3,0.8030754,19.9998,0.3353,552120219,True,True,False,bulk_1.0.0,0.0,0
