,tid,mjd,candid,fid,pid,diffmaglim,isdiffpos,nid,distnr,magpsf,magap,sigmapsf,sigmagap,ra,dec,rb,rbversion,magapbig,sigmagapbig,has_stamp,corrected,dubious,step_id_corr,phase,parent_candid,drb,rfid
0,ztf,58732.26901620021,978269014315015045,2,978269014315,20.5946,1,978,3.00696,20.391,20.2332,0.221031,0.3476,298.7273182,62.4491855,0.597143,t17_f5_c3,19.913,0.3218,False,False,False,bulk_1.0.0,0.0,980269884315015053,,
1,ztf,58732.29273150023,978292734315015021,1,978292734315,20.7926,1,978,2.72858,20.4908,20.0392,0.247468,0.2297,298.7270955,62.4491023,0.387143,t17_f5_c3,20.0406,0.2861,False,False,False,bulk_1.0.0,0.0,980269884315015053,,
2,ztf,58733.26861110004,979268614315015023,2,979268614315,20.362114,1,979,3.1796854,19.955917,19.6512,0.21211058,0.2313,298.7274227,62.449178,0.66,t17_f5_c3,20.1263,0.4482,False,False,False,bulk_1.0.0,0.0,980269884315015053,0.9944856,828120243.0
3,ztf,58734.26988429995,980269884315015053,2,980269884315,20.15177,1,980,3.0454516,19.936487,20.0672,0.2106222,0.3793,298.7273244,62.4492335,0.69285715,t17_f5_c3,20.322,0.6036,True,False,False,bulk_1.0.0,0.0,0,0.99987936,828120243.0
