,tid,mjd,candid,fid,pid,diffmaglim,isdiffpos,nid,distnr,magpsf,magpsf_corr,magap,sigmapsf,sigmapsf_corr,sigmapsf_corr_ext,sigmagap,ra,dec,rb,rbversion,drb,magapbig,sigmagapbig,rfid,has_stamp,corrected,dubious,step_id_corr,phase,parent_candid
0,ztf,58720.15962960012,966159624115015001,1,966159624115,20.127684,1,966,0.8716429,19.83879,19.254786,19.9705,0.18780163,0.10716941,0.10967241,0.3559,199.5549441,56.6586776,0.9042857,t17_f5_c3,0.9999987,20.169,0.5477,791120141,False,True,False,bulk_1.0.0,0.0,969182594115015000
1,ztf,58723.145312500186,969145314115015000,2,969145314115,19.833591,1,969,1.1531216,19.711082,18.681765,19.5889,0.190705,0.068565875,0.07389836,0.3228,199.5549484,56.6585856,0.9342857,t17_f5_c3,0.9983766,19.6565,0.4403,791120241,False,True,False,bulk_1.0.0,0.0,969182594115015000
2,ztf,58723.18259260012,969182594115015000,1,969182594115,19.899727,1,969,0.93663913,19.477612,19.0296,19.543,0.18491101,0.120920114,0.12239341,0.274,199.5549564,56.6586456,0.9442857,t17_f5_c3,0.9999778,19.8272,0.456,791120141,False,True,False,bulk_1.0.0,0.0,972145184115015000
3,ztf,58726.14518520003,972145184115015000,2,972145184115,19.689034,1,972,0.92624545,19.54758,18.615456,19.3207,0.18459275,0.073806085,0.07822836,0.2537,199.5550174,56.6586399,0.9557143,t17_f5_c3,0.99944174,19.3151,0.3232,791120241,True,True,False,bulk_1.0.0,0.0,0
