,tid,mjd,candid,fid,pid,diffmaglim,isdiffpos,nid,distnr,magpsf,magap,sigmapsf,sigmagap,ra,dec,rb,rbversion,drb,magapbig,sigmagapbig,rfid,has_stamp,corrected,dubious,step_id_corr,phase,parent_candid
0,ztf,58804.09943290008,1050099434215015011,1,1050099434215,19.767944,1,1050,3.9493444,19.33447,19.3749,0.18095575,0.1918,277.3374512,55.2002249,0.5642857,t17_f5_c3,0.98767465,19.3832,0.2473,798120142.0,False,False,False,bulk_1.0.0,0.0,1065078064215015136
1,ztf,58805.08269680012,1051082694215015098,2,1051082694215,19.4621,1,1051,3.959,19.4517,19.9502,0.222367,0.4067,277.3375447,55.2000692,0.495714,t17_f5_c3,,19.9197,0.5071,,False,False,False,bulk_1.0.0,0.0,1058127234215015011
2,ztf,58805.09518520022,1051095184215015009,1,1051095184215,19.7575,1,1051,3.97183,19.5189,19.3318,0.200769,0.177,277.337411,55.2002876,0.337143,t17_f5_c3,,19.2657,0.2131,,False,False,False,bulk_1.0.0,0.0,1058127234215015011
3,ztf,58811.10157410009,1057101574215015012,1,1057101574215,19.8259,1,1057,3.9817858,18.901728,18.7791,0.11133484,0.1229,277.3374467,55.2002004,0.86714286,t17_f5_c3,0.9999795,18.7701,0.1557,798120142.0,False,False,False,bulk_1.0.0,0.0,1058127234215015011
4,ztf,58812.095891200006,1058095894215015009,2,1058095894215,19.838903,1,1058,4.0581512,18.996267,19.4162,0.15500452,0.2554,277.3373854,55.2002146,0.8842857,t17_f5_c3,0.9998131,19.5419,0.367,798120242.0,False,False,False,bulk_1.0.0,0.0,1058127234215015011
5,ztf,58812.12723380001,1058127234215015011,1,1058127234215,19.762163,1,1058,3.9212074,18.801657,18.9184,0.106846265,0.1562,277.3374644,55.2002258,0.92,t17_f5_c3,0.99999857,18.9256,0.2011,798120142.0,False,False,False,bulk_1.0.0,0.0,1065078064215015136
6,ztf,58814.13628470013,1060136284215015006,2,1060136284215,18.919,1,1060,3.68562,18.9288,18.991,0.208616,0.2177,277.3376392,55.2001358,0.347143,t17_f5_c3,,18.965,0.2726,,False,False,False,bulk_1.0.0,0.0,1065078064215015136
7,ztf,58819.07806710014,1065078064215015136,1,1065078064215,18.6835,1,1065,4.2270975,18.707493,18.7917,0.19967556,0.4029,277.337281,55.2002872,0.51285714,t17_f5_c3,0.9989716,18.4501,0.3777,798120142.0,True,False,False,bulk_1.0.0,0.0,0
