,tid,mjd,candid,fid,pid,diffmaglim,isdiffpos,nid,distnr,magpsf,magpsf_corr,magap,sigmapsf,sigmapsf_corr,sigmapsf_corr_ext,sigmagap,ra,dec,rb,rbversion,drb,magapbig,sigmagapbig,rfid,has_stamp,corrected,dubious,step_id_corr,phase,parent_candid
0,ztf,58814.12045140006,1060120450515010013,1,1060120450515,19.051628,-1,1060,0.31905267,17.63537,15.082808,17.5726,0.1046924,100.0,0.009974473,0.0757,343.9385676,80.8603917,0.79285717,t17_f5_c3,0.9730114,17.5385,0.0894,877120105,False,True,False,bulk_1.0.0,0.0,1.065174620515015e+18
1,ztf,58819.17462959979,1065174620515015048,1,1065174620515,18.906933,1,1065,0.08494689,17.01403,14.82833,17.0699,0.06309564,100.0,0.008427894,0.0678,343.9385009,80.8605044,0.6557143,t17_f5_c3,0.99668604,17.0483,0.0821,877120105,True,True,False,bulk_1.0.0,0.0,0.0
2,ztf,59076.306840300094,1322306840515015130,1,1322306840515,17.535748,1,1322,0.13961373,16.696674,14.780177,16.5045,0.12586953,0.016978469,0.021543778,0.1554,343.9383169,80.860466,0.5114286,t17_f5_c3,0.9536526,16.6223,0.2196,877120105,True,True,False,bulk_1.0.0,0.0,0.0
3,ztf,59202.23049770016,1448230490515015010,1,1448230490515,19.832527,1,1448,1.2142652,18.61573,14.946375,19.3496,0.12717955,100.0,0.0043318653,0.2119,343.9364154,80.8604323,0.46285716,t17_f5_c3,0.01976472,19.3234,0.2424,877120105,False,True,False,bulk_1.0.0,0.0,1.46817884051501e+18
4,ztf,59222.17884259997,1468178840515010034,1,1468178840515,18.45692,-1,1468,0.1531936,17.598776,15.086359,17.601,0.08355398,100.0,0.008260386,0.1713,343.9383225,80.8604567,0.57,t17_f5_c3,0.9665836,17.4453,0.1864,877120105,True,True,False,bulk_1.0.0,0.0,0.0
5,ztf,59752.42474539997,1998424740515015015,1,1998424740515,19.40645,1,1998,0.44906914,17.455645,14.87791,17.5657,0.07571807,100.0,0.007048645,0.0709,343.9377552,80.8604444,0.6842857,t17_f5_c3,0.37409922,17.6025,0.0886,877120105,True,True,False,1.1.2,0.0,
