,tid,mjd,candid,fid,pid,diffmaglim,isdiffpos,nid,distnr,magpsf,magpsf_corr,magap,sigmapsf,sigmapsf_corr,sigmapsf_corr_ext,sigmagap,ra,dec,rb,rbversion,drb,magapbig,sigmagapbig,rfid,has_stamp,corrected,dubious,step_id_corr,phase,parent_candid
0,ztf,58739.15005790023,985150054715015004,2,985150054715,19.290897,1,985,0.36781788,18.46781,15.70061,18.9277,0.16787449,100.0,0.0131251635,0.2537,223.6583701,69.6467347,0.8485714,t17_f5_c3,0.9526825,18.9591,0.3263,846120247,True,True,False,bulk_1.0.0,0.0,0.0
1,ztf,59639.30469910009,1885304694715015009,2,1885304694715,19.758686,1,1885,0.45335436,18.851412,15.726174,19.4557,0.15904714,100.0,0.008941922,0.2383,223.6583689,69.6466284,0.65,t17_f5_c3,0.9924994,19.4345,0.2806,846120247,True,True,False,correction_1.0.6,0.0,
