,tid,mjd,candid,fid,pid,diffmaglim,isdiffpos,nid,distnr,magpsf,magpsf_corr,magap,sigmapsf,sigmapsf_corr,sigmapsf_corr_ext,sigmagap,ra,dec,rb,rbversion,drb,magapbig,sigmagapbig,rfid,has_stamp,corrected,dubious,step_id_corr,phase,parent_candid
0,ztf,58495.262928199954,741262921715015003,1,741262921715,20.262562,1,741,0.42334098,19.372255,16.62491,19.2745,0.1326464,100.0,0.010562267,0.1379,119.0876369,4.3109042,0.42,t15_f5_c3,0.0,19.3356,0.1756,463120117,False,True,False,bulk_1.0.0,0.0,769228441715015007
1,ztf,58508.19181710016,754191811715015001,1,754191811715,20.169514,1,754,0.75525904,19.378258,16.625387,19.3503,0.15302607,100.0,0.012123188,0.1711,119.0876945,4.3110188,0.43,t15_f5_c3,0.0,19.2126,0.1845,463120117,False,True,False,bulk_1.0.0,0.0,769228441715015007
2,ztf,58508.23172450019,754231721715015002,2,754231721715,20.12981,1,754,0.197045,19.24105,16.007307,19.5059,0.1570079,100.0,0.007987749,0.2379,119.0875494,4.3108537,0.3642857,t15_f5_c3,0.0,19.6293,0.3229,463120217,False,True,False,bulk_1.0.0,0.0,769228441715015007
3,ztf,58523.22844910016,769228441715015007,2,769228441715,20.366226,1,769,0.35771543,19.209524,16.005682,19.3904,0.16296244,100.0,0.008522177,0.2119,119.0876059,4.3109536,0.28,t15_f5_c3,0.0,19.5556,0.2946,463120217,True,True,False,bulk_1.0.0,0.0,0
4,ztf,58900.20342590008,1146203421715015004,2,1146203421715,20.353811,1,1146,0.57649785,19.27317,16.008919,19.5344,0.13750577,100.0,0.0068017463,0.232,119.0876188,4.3110303,0.8485714,t17_f5_c3,0.992641,19.5511,0.2842,463120217,True,True,False,bulk_1.0.0,0.0,0
