,tid,mjd,candid,fid,pid,diffmaglim,isdiffpos,nid,distnr,magpsf,magpsf_corr,magap,sigmapsf,sigmapsf_corr,sigmapsf_corr_ext,sigmagap,ra,dec,rb,rbversion,magapbig,sigmagapbig,has_stamp,corrected,dubious,step_id_corr,phase,parent_candid,drb,rfid
0,ztf,58777.28498840006,1023284985715015015,2,1023284985715,19.9263,1,1023,0.659004,19.7966,19.486147,20.1958,0.278739,0.2068697,0.20941927,0.3998,14.1452704,14.7762109,0.547143,t17_f5_c3,20.0894,0.4647,False,True,False,bulk_1.0.0,0.0,1027216145715015006,,
1,ztf,58781.21614579996,1027216145715015006,1,1027216145715,20.028568,1,1027,0.47571,19.522251,19.35945,19.2289,0.17835282,0.15210962,0.15351807,0.1271,14.1452455,14.7762415,0.44428572,t17_f5_c3,19.0575,0.1386,False,True,False,bulk_1.0.0,0.0,1037343625715015012,0.9975071,501120157.0
2,ztf,58785.212303199805,1031212305715015011,1,1031212305715,20.56725,1,1031,0.48869255,19.644512,19.463839,19.6526,0.16000378,0.13353615,0.13547558,0.1777,14.1452443,14.7762447,0.8585714,t17_f5_c3,19.8227,0.2653,False,True,False,bulk_1.0.0,0.0,1037343625715015012,0.99999976,501120157.0
3,ztf,58788.193784699775,1034193785715015009,1,1034193785715,20.0216,1,1034,0.38658,19.6187,19.441944,19.8501,0.267081,0.22584881,0.22695547,0.2341,14.1452084,14.7762276,0.531429,t17_f5_c3,19.5854,0.2351,False,True,False,bulk_1.0.0,0.0,1037343625715015012,,
4,ztf,58788.25230319984,1034252305715015010,2,1034252305715,19.826107,1,1034,0.49714112,19.599426,19.334766,19.4722,0.1538839,0.11721806,0.12059498,0.2235,14.1452207,14.7762136,0.54714286,t17_f5_c3,19.1932,0.2216,False,True,False,bulk_1.0.0,0.0,1037343625715015012,0.9993605,501120257.0
5,ztf,58790.19856479997,1036198565715015015,2,1036198565715,20.169828,1,1036,0.6207633,19.764294,19.461786,19.8209,0.18564425,0.13684173,0.14050068,0.3185,14.1452431,14.7762396,0.74285716,t17_f5_c3,19.92,0.4473,False,True,False,bulk_1.0.0,0.0,1037343625715015012,0.9995656,501120257.0
6,ztf,58791.274745400064,1037274745715015010,1,1037274745715,20.380058,1,1037,0.284551,19.869429,19.651106,19.4787,0.20462768,0.16513811,0.16735363,0.1607,14.1452594,14.7761428,0.61285716,t17_f5_c3,19.3687,0.1858,False,True,False,bulk_1.0.0,0.0,1037343625715015012,0.9999447,501120157.0
7,ztf,58791.343622699846,1037343625715015012,2,1037343625715,20.139708,1,1037,0.644371,19.860464,19.533775,19.9571,0.21041793,0.15197706,0.15574244,0.348,14.1452675,14.77621,0.8428571,t17_f5_c3,20.1456,0.5307,True,True,False,bulk_1.0.0,0.0,0,0.9992122,501120257.0
