,tid,mjd,candid,fid,pid,diffmaglim,isdiffpos,nid,distnr,magpsf,magpsf_corr,magap,sigmapsf,sigmapsf_corr,sigmapsf_corr_ext,sigmagap,ra,dec,rb,rbversion,drb,magapbig,sigmagapbig,rfid,has_stamp,corrected,dubious,step_id_corr,phase,parent_candid
0,ztf,58547.20378470002,793203784815015009,2,793203784815,19.737005,1,793,0.33883256,19.427382,18.600218,19.6409,0.17362364,0.07757834,0.08104814,0.2617,163.2978332,-6.843217,0.68142855,t15_f5_c3,0.0,19.7279,0.3629,367120248,False,True,False,bulk_1.0.0,0.0,793314604815015010
1,ztf,58547.31460649986,793314604815015010,1,793314604815,19.912497,1,793,0.3280277,19.522406,19.098597,19.6028,0.15870857,0.10367294,0.10741788,0.1706,163.2978327,-6.8431429,0.3342857,t15_f5_c3,0.0,19.6843,0.2346,367120148,False,True,False,bulk_1.0.0,0.0,802273344815025013
2,ztf,58556.27334489999,802273344815025013,2,802273344815,19.865263,1,802,0.4732081,19.466368,18.618242,19.5533,0.20110813,0.0889398,0.09208296,0.23,163.2978489,-6.8429995,0.6242857,t15_f5_c3,0.0,19.8886,0.4005,367120248,False,True,False,bulk_1.0.0,0.0,802338834815025022
3,ztf,58556.33883100003,802338834815025022,1,802338834815,19.714424,1,802,0.6260545,19.686445,19.206865,20.0821,0.20773815,0.1298996,0.13356239,0.3405,163.2979012,-6.8432224,0.36571428,t15_f5_c3,0.0,19.827,0.3454,367120148,True,True,False,bulk_1.0.0,0.0,0
