,tid,mjd,candid,fid,pid,diffmaglim,isdiffpos,nid,distnr,magpsf,magpsf_corr,magap,sigmapsf,sigmapsf_corr,sigmapsf_corr_ext,sigmagap,ra,dec,rb,rbversion,drb,magapbig,sigmagapbig,rfid,has_stamp,corrected,dubious,step_id_corr,phase,parent_candid
0,ztf,58683.28158560023,929281582415015033,1,929281582415,19.673643,1,929,0.4421752,18.835049,16.10261,19.1537,0.1412584,0.0052714227,0.01140352,0.2606,281.6720162,47.007173,0.6157143,t17_f5_c3,0.2742312,19.1307,0.3219,765120124,False,True,False,bulk_1.0.0,0.0,9.40319932415015e+17
1,ztf,58694.3199306,940319932415015103,1,940319932415,20.916096,1,940,0.6154221,18.863106,16.104849,19.0889,0.094020545,100.0,0.0074117347,0.1001,281.6720678,47.007118,0.6957143,t17_f5_c3,0.20415121,18.9884,0.1052,765120124,False,True,False,bulk_1.0.0,0.0,9.413124724150152e+17
2,ztf,58695.31247689994,941312472415015138,1,941312472415,20.604166,1,941,0.3171481,18.61635,16.083225,18.7575,0.123460054,0.0066884803,0.011975029,0.092,281.6721171,47.0071981,0.61285716,t17_f5_c3,0.19255874,18.7132,0.1042,765120124,True,True,False,bulk_1.0.0,0.0,0.0
3,ztf,59074.28818289982,1320288182415015159,2,1320288182415,19.410051,1,1320,0.43967268,17.639357,15.240734,17.595,0.0899526,100.0,0.009875631,0.0891,281.6720547,47.0071756,0.49285713,t17_f5_c3,0.7413624,17.4946,0.1011,765120224,True,True,False,bulk_1.0.0,0.0,0.0
4,ztf,59271.474490699824,1517474492415015146,2,1517474492415,18.659468,1,1517,0.6996846,18.135778,15.285381,18.3046,0.120837174,100.0,0.008750679,0.2512,281.6721327,47.0071039,0.51285714,t17_f5_c3,0.775414,18.4932,0.3809,765120224,True,True,False,correction_0.0.1,0.0,
