,tid,mjd,candid,fid,pid,diffmaglim,isdiffpos,nid,distnr,magpsf,magpsf_corr,magap,sigmapsf,sigmapsf_corr,sigmapsf_corr_ext,sigmagap,ra,dec,rb,rbversion,drb,magapbig,sigmagapbig,rfid,has_stamp,corrected,dubious,step_id_corr,phase,parent_candid
0,ztf,58695.278807899915,941278804215015024,2,941278804215,19.318928,1,941,0.46014065,17.756266,14.966502,17.7037,0.08819841,100.0,0.0067539103,0.101,267.0758343,55.692673,0.56714284,t17_f5_c3,0.7694309,17.6511,0.1185,797120242,False,True,False,bulk_1.0.0,0.0,9.41308174215015e+17
1,ztf,58695.30817130022,941308174215015074,1,941308174215,20.101585,1,941,0.25535405,18.031267,15.96048,18.1167,0.09149751,0.0046302886,0.013586086,0.0707,267.0756817,55.6927872,0.78,t17_f5_c3,0.99875927,18.1057,0.0847,797120142,True,True,False,bulk_1.0.0,0.0,0.0
2,ztf,58730.2652083002,976265204215010016,2,976265204215,19.773104,-1,976,0.4739481,18.214552,15.113699,18.087,0.11696747,100.0,0.0067254915,0.0829,267.0757711,55.6928461,0.7942857,t17_f5_c3,0.95409226,18.0436,0.0965,797120242,True,True,False,bulk_1.0.0,0.0,0.0
3,ztf,58819.09697919991,1065096974215010086,2,1065096974215,16.731987,-1,1065,0.40172595,16.218868,15.506949,16.4681,0.1255628,0.05595666,0.065176874,0.2612,267.0757687,55.6926502,0.49571428,t17_f5_c3,0.8919903,16.2235,0.2676,797120242,True,True,False,bulk_1.0.0,0.0,0.0
4,ztf,59074.28624999989,1320286244215010012,2,1320286244215,17.888382,-1,1320,0.06591519,16.78294,15.29969,16.7493,0.11671635,0.011137445,0.029773626,0.1672,267.0756196,55.6927514,0.56285715,t17_f5_c3,0.89771914,16.6421,0.1935,797120242,True,True,False,bulk_1.0.0,0.0,0.0
5,ztf,59129.182106500026,1375182104215015041,1,1375182104215,19.340876,1,1375,0.6049675,18.007328,15.956892,17.8992,0.1055835,0.009649376,0.015974289,0.1119,267.0759056,55.6927971,0.7885714,t17_f5_c3,0.78843105,17.8462,0.1339,797120142,True,True,False,bulk_1.0.0,0.0,0.0
6,ztf,59441.23812500015,1687238124215015078,1,1687238124215,19.452917,1,1687,0.4552205,17.589392,15.882381,17.7045,0.09681293,0.016205054,0.020096917,0.0719,267.0758651,55.6927242,0.69,t17_f5_c3,0.9993227,17.5946,0.0809,797120142,True,True,False,correction_1.0.6,0.0,
