,tid,mjd,candid,fid,pid,diffmaglim,isdiffpos,nid,distnr,magpsf,magap,sigmapsf,sigmagap,ra,dec,rb,rbversion,drb,magapbig,sigmagapbig,rfid,has_stamp,corrected,dubious,step_id_corr,phase,parent_candid
0,ztf,58749.136111100204,995136113915015006,1,995136113915,20.167847,1,995,1.4708806,19.244623,19.045,0.13838401,0.1522,226.5127702,55.573056,0.89857143,t17_f5_c3,0.9999422,18.902,0.1643,793120139,False,False,False,bulk_1.0.0,0.0,1007113583915015005
1,ztf,58758.13395830011,1004133953915015007,1,1004133953915,20.140968,1,1004,1.4551125,19.041286,19.1735,0.12125181,0.1865,226.5128333,55.573107,0.9185714,t17_f5_c3,0.9999999,19.4016,0.2839,793120139,False,False,False,bulk_1.0.0,0.0,1007113583915015005
2,ztf,58761.11358800018,1007113583915015005,2,1007113583915,19.888311,1,1007,2.8123734,18.071178,18.0801,0.07052471,0.0923,226.5128505,55.5730548,0.69857144,t17_f5_c3,0.99229693,18.1713,0.1235,793120239,True,False,False,bulk_1.0.0,0.0,0
