,tid,mjd,candid,fid,pid,diffmaglim,isdiffpos,nid,distnr,magpsf,magpsf_corr,magap,sigmapsf,sigmapsf_corr,sigmapsf_corr_ext,sigmagap,ra,dec,rb,rbversion,drb,magapbig,sigmagapbig,rfid,has_stamp,corrected,dubious,step_id_corr,phase,parent_candid
0,ztf,58766.49719909998,1012497193815015015,2,1012497193815,20.417955,1,1012,0.44758373,19.785807,17.130562,20.1468,0.16805932,100.0,0.014566814,0.3837,47.1811249,40.8618753,0.83,t17_f5_c3,0.91613936,20.4202,0.6165,699120238,False,True,False,bulk_1.0.0,0.0,1035265973815015108
1,ztf,58789.26597219985,1035265973815015108,2,1035265973815,19.95434,1,1035,0.19415621,19.074978,17.046864,18.9203,0.11913024,100.0,0.018398242,0.1518,47.1813122,40.8618386,0.57857144,t17_f5_c3,0.9474406,18.9038,0.1887,699120238,False,True,False,bulk_1.0.0,0.0,1051340413815015015
2,ztf,58797.32496530004,1043324963815015007,2,1043324963815,19.749138,1,1043,0.11822369,19.226643,17.068947,19.2728,0.13019837,100.0,0.017845446,0.2782,47.1812508,40.8618965,0.8414286,t17_f5_c3,0.98939276,19.3532,0.3812,699120238,False,True,False,bulk_1.0.0,0.0,1051340413815015015
3,ztf,58804.35424769996,1050354243815015020,2,1050354243815,19.411295,1,1050,0.13426574,18.92154,17.021704,19.1255,0.10387097,100.0,0.018053453,0.2754,47.1812473,40.8619077,0.7785714,t17_f5_c3,0.99888486,19.0388,0.3245,699120238,False,True,False,bulk_1.0.0,0.0,1051340413815015015
4,ztf,58805.22853010008,1051228533815015043,2,1051228533815,20.18307,1,1051,0.04827181,19.292454,17.077736,19.1455,0.14607307,100.0,0.018996896,0.1779,47.1812959,40.8619017,0.68714285,t17_f5_c3,0.9790469,19.2644,0.2499,699120238,False,True,False,bulk_1.0.0,0.0,1051340413815015015
5,ztf,58805.34041670011,1051340413815015015,2,1051340413815,19.695742,1,1051,0.17467892,19.363731,17.086744,19.2514,0.104610555,100.0,0.012846377,0.2653,47.1812608,40.861934,0.7828571,t17_f5_c3,0.9906984,19.3816,0.3804,699120238,False,True,False,bulk_1.0.0,0.0,1073247973815015007
6,ztf,58827.24797450006,1073247973815015007,2,1073247973815,19.160877,1,1073,0.2921656,19.161234,17.059746,18.8151,0.17831859,100.0,0.025739571,0.2897,47.1811861,40.8619129,0.71428573,t17_f5_c3,0.9814472,18.6842,0.3288,699120238,False,True,False,bulk_1.0.0,0.0,1082425923815015004
7,ztf,58836.42592590023,1082425923815015004,2,1082425923815,19.499062,1,1082,0.13570091,19.192698,17.064232,19.4593,0.100500464,100.0,0.014150819,0.3788,47.1812827,40.8618507,0.8442857,t17_f5_c3,0.9956326,19.5783,0.5391,699120238,True,True,False,bulk_1.0.0,0.0,0
