,tid,mjd,candid,fid,pid,diffmaglim,isdiffpos,nid,distnr,magpsf,magap,sigmapsf,sigmagap,ra,dec,rb,rbversion,drb,magapbig,sigmagapbig,rfid,has_stamp,corrected,dubious,step_id_corr,phase,parent_candid
0,ztf,58787.140740700066,1033140743515015005,2,1033140743515,19.463486,1,1033,5.473538,19.058231,18.9752,0.16528606,0.1754,275.2632153,55.6232135,0.39571428,t17_f5_c3,0.9733803,19.0244,0.2348,797120235.0,False,False,False,bulk_1.0.0,0.0,1058116153515015007
1,ztf,58788.16839119978,1034168393515015004,1,1034168393515,19.7018,1,1034,4.71216,19.2454,18.869,0.219164,0.1313,275.2628991,55.6234089,0.245714,t17_f5_c3,,18.7365,0.1483,,False,False,False,bulk_1.0.0,0.0,1058116153515015007
2,ztf,58791.09755790001,1037097553515015005,2,1037097553515,20.1475,1,1037,5.64612,19.8785,19.0949,0.365853,0.1636,275.2631512,55.6229662,0.062857,t17_f5_c3,,19.1221,0.2141,,False,False,False,bulk_1.0.0,0.0,1058116153515015007
3,ztf,58795.1143633998,1041114363515015003,1,1041114363515,19.4834,1,1041,4.31716,19.4339,19.2629,0.218392,0.2671,275.2625733,55.6231496,0.56,t17_f5_c3,,19.4632,0.4117,,False,False,False,bulk_1.0.0,0.0,1058116153515015007
4,ztf,58804.09853010019,1050098533515015006,1,1050098533515,19.75461,1,1050,5.412148,19.250141,19.0989,0.19231008,0.1432,275.2630822,55.6230413,0.39,t17_f5_c3,0.96983457,18.9643,0.1616,797120135.0,False,False,False,bulk_1.0.0,0.0,1058116153515015007
5,ztf,58812.0963773001,1058096373515015007,2,1058096373515,19.7655,1,1058,4.35681,19.4142,19.0596,0.257521,0.1907,275.2625688,55.623121,0.232857,t17_f5_c3,,19.1524,0.2654,,False,False,False,bulk_1.0.0,0.0,1058116153515015007
6,ztf,58812.116157399956,1058116153515015007,1,1058116153515,19.808289,1,1058,5.3731723,19.455685,19.3262,0.1937337,0.2072,275.2631348,55.6231582,0.52,t17_f5_c3,0.99641484,19.167,0.2288,797120135.0,True,False,False,bulk_1.0.0,0.0,0
