,tid,mjd,candid,fid,pid,diffmaglim,isdiffpos,nid,distnr,magpsf,magap,sigmapsf,sigmagap,ra,dec,rb,rbversion,drb,magapbig,sigmagapbig,rfid,has_stamp,corrected,dubious,step_id_corr,phase,parent_candid
0,ztf,58725.25981480023,971259814415015038,2,971259814415,20.809492,1,971,9.499433,18.314798,18.3356,0.07030407,0.0457,288.6362528,49.2056844,0.92,t17_f5_c3,0.99997807,18.2911,0.0552,766120244,False,False,False,bulk_1.0.0,0.0,973309394415015009
1,ztf,58725.28605319979,971286054415015018,1,971286054415,20.872446,1,971,1.8237903,18.10575,18.0981,0.05376252,0.0336,288.6362639,49.205653,0.9442857,t17_f5_c3,0.9999884,18.0736,0.0407,766120144,False,False,False,bulk_1.0.0,0.0,973309394415015009
2,ztf,58726.26127310004,972261274415015008,2,972261274415,20.482958,1,972,9.57172,18.728298,18.8477,0.082580924,0.0877,288.6362827,49.205656,0.9285714,t17_f5_c3,1.0,18.9002,0.1172,766120244,False,False,False,bulk_1.0.0,0.0,973309394415015009
3,ztf,58726.28744209977,972287444415015007,1,972287444415,20.765085,1,972,1.8565911,18.477612,18.4766,0.06530624,0.0488,288.6362768,49.2056543,0.9457143,t17_f5_c3,1.0,18.4389,0.0593,766120144,False,False,False,bulk_1.0.0,0.0,973309394415015009
4,ztf,58727.28603010019,973286034415015017,2,973286034415,20.721638,1,973,9.4334545,19.74326,19.8919,0.11311617,0.1972,288.6363333,49.2056809,0.68142855,t17_f5_c3,0.99999404,20.0577,0.2943,766120244,False,False,False,bulk_1.0.0,0.0,973309394415015009
5,ztf,58727.30939809978,973309394415015009,1,973309394415,20.71388,1,973,1.8580188,19.496859,19.3453,0.120445095,0.1108,288.6362976,49.2056737,0.8485714,t17_f5_c3,0.99999964,19.1198,0.115,766120144,True,False,False,bulk_1.0.0,0.0,0
