,tid,mjd,candid,fid,pid,diffmaglim,isdiffpos,nid,distnr,magpsf,magpsf_corr,magap,sigmapsf,sigmapsf_corr,sigmapsf_corr_ext,sigmagap,ra,dec,rb,rbversion,drb,magapbig,sigmagapbig,rfid,has_stamp,corrected,dubious,step_id_corr,phase,parent_candid
0,ztf,58716.15265050018,962152652615015000,1,962152652615,19.963047,1,962,1.0729901,19.108994,18.4124,19.0025,0.15858124,0.07533067,0.083486155,0.1683,192.9615617,46.6205382,0.9714286,t17_f5_c3,0.99999714,19.3382,0.2924,756120126,False,True,False,bulk_1.0.0,0.0,972156532615015001
1,ztf,58720.15825230023,966158252615015002,1,966158252615,19.875296,1,966,1.2532964,19.200191,18.459455,19.0628,0.16630268,0.07519364,0.08406303,0.192,192.961464,46.6205445,0.95,t17_f5_c3,0.9999696,18.8983,0.2109,756120126,False,True,False,bulk_1.0.0,0.0,972156532615015001
2,ztf,58726.14563659998,972145632615015002,2,972145632615,19.682674,1,972,1.024706,19.019396,18.178823,19.0054,0.117634855,0.028172707,0.054238394,0.2291,192.9615295,46.6206028,0.97,t17_f5_c3,0.9998864,18.9017,0.2666,756120226,False,True,False,bulk_1.0.0,0.0,972156532615015001
3,ztf,58726.15653940011,972156532615015001,1,972156532615,19.602753,1,972,1.0086668,19.242546,18.48066,19.2832,0.17162919,0.07596138,0.08508173,0.2574,192.9615643,46.6205652,0.9728571,t17_f5_c3,0.999992,18.9132,0.2346,756120126,True,True,False,bulk_1.0.0,0.0,0
