,tid,mjd,candid,fid,pid,diffmaglim,isdiffpos,nid,distnr,magpsf,magpsf_corr,magap,sigmapsf,sigmapsf_corr,sigmapsf_corr_ext,sigmagap,ra,dec,rb,rbversion,magapbig,sigmagapbig,has_stamp,corrected,dubious,step_id_corr,phase,parent_candid,drb,rfid
0,ztf,58786.17608800018,1032176082615015002,1,1032176082615,19.7883,1,1032,0.609633,19.5523,19.517015,19.3981,0.26216,0.25355,0.2537775,0.2029,271.0201698,75.3695748,0.328571,t17_f5_c3,19.3023,0.2382,False,True,False,bulk_1.0.0,0.0,1033168402615015003,,
1,ztf,58787.16840279987,1033168402615015003,1,1033168402615,19.679089,1,1033,0.63010633,19.240927,19.214334,19.2816,0.1647117,0.16052069,0.16072643,0.1804,271.0188015,75.3695355,0.6685714,t17_f5_c3,19.2154,0.2177,True,True,False,bulk_1.0.0,0.0,0,0.9997028,865120126.0
