,tid,mjd,candid,fid,pid,diffmaglim,isdiffpos,nid,distnr,magpsf,magpsf_corr,magap,sigmapsf,sigmapsf_corr,sigmapsf_corr_ext,sigmagap,ra,dec,rb,rbversion,drb,magapbig,sigmagapbig,rfid,has_stamp,corrected,dubious,step_id_corr,phase,parent_candid
0,ztf,58543.2603703998,789260375315015068,2,789260375315,18.800606,1,789,0.18883565,17.772264,15.593289,17.7716,0.11397929,100.0,0.015319188,0.1343,204.6329143,80.0169392,0.25857142,t15_f5_c3,0.0,17.6484,0.15,862120253,True,True,False,bulk_1.0.0,0.0,0.0
1,ztf,58695.27170140017,941271705315010048,2,941271705315,19.124516,-1,941,0.3062475,17.819117,15.924812,17.428,0.072212666,100.0,0.012615124,0.078,204.6322896,80.016856,0.6257143,t17_f5_c3,0.999815,17.2996,0.0868,862120253,False,True,False,bulk_1.0.0,0.0,9.413029815150152e+17
2,ztf,58695.30298609985,941302981515015124,1,941302981515,17.825026,1,941,0.18311347,16.82807,15.878854,16.4415,0.06759153,0.020619394,0.0281972,0.0675,204.6326415,80.016904,0.42857143,t17_f5_c3,0.954134,16.3331,0.0775,874120115,True,True,False,bulk_1.0.0,0.0,0.0
3,ztf,59270.320196799934,1516320195315010005,2,1516320195315,19.133217,-1,1516,0.70240927,18.85201,15.814224,19.561,0.19783875,100.0,0.0120558245,0.4583,204.6316975,80.0168096,0.63,t17_f5_c3,0.99401957,19.509,0.55,862120253,True,True,False,correction_0.0.1,0.0,
4,ztf,59310.32741900021,1556327411515015158,2,1556327411515,19.298124,1,1556,0.43580008,18.103798,15.63328,18.0054,0.08566689,100.0,0.008802496,0.1149,204.6327964,80.0169962,0.7342857,t17_f5_c3,0.99896467,18.0124,0.1427,874120215,True,True,False,correction_0.0.1,0.0,
