,tid,mjd,candid,fid,pid,diffmaglim,isdiffpos,nid,distnr,magpsf,magpsf_corr,magap,sigmapsf,sigmapsf_corr,sigmapsf_corr_ext,sigmagap,ra,dec,rb,rbversion,drb,magapbig,sigmagapbig,rfid,has_stamp,corrected,dubious,step_id_corr,phase,parent_candid
0,ztf,58811.100185200106,1057100185915015006,1,1057100185915,19.75768,1,1057,0.44821048,19.004093,18.849073,18.9039,0.15008347,0.12972066,0.1301142,0.136,264.6707141,71.8714707,0.5042857,t17_f5_c3,0.999995,19.0571,0.2,848120159.0,False,True,False,bulk_1.0.0,0.0,1058097285915015005
1,ztf,58811.123136600014,1057123135915015008,2,1057123135915,19.297,1,1057,1.28434,19.0166,18.86688,19.0795,0.188287,0.16377844,0.16403358,0.2131,264.6706036,71.8714906,0.467143,t17_f5_c3,,19.0931,0.2764,,False,True,False,bulk_1.0.0,0.0,1058097285915015005
2,ztf,58812.09728009999,1058097285915015005,2,1058097285915,19.658785,1,1058,1.3892956,18.961784,18.818974,19.1991,0.14171429,0.12393936,0.1242479,0.2244,264.6706512,71.8715201,0.87857145,t17_f5_c3,0.9999689,19.2306,0.2962,848120259.0,False,True,False,bulk_1.0.0,0.0,1058116635915015012
3,ztf,58812.11663189996,1058116635915015012,1,1058116635915,19.815245,1,1058,0.72217077,19.007072,18.851656,18.8701,0.12282874,0.105963215,0.106446914,0.1363,264.6708838,71.871527,0.9114286,t17_f5_c3,0.99999636,18.8667,0.1736,848120159.0,False,True,False,bulk_1.0.0,0.0,1065075755915015041
4,ztf,58819.07575230021,1065075755915015041,1,1065075755915,19.376326,1,1065,0.677953,19.08072,18.915188,18.718,0.21175064,0.18148941,0.18180732,0.2039,264.6707695,71.8715401,0.44142857,t17_f5_c3,0.9372525,18.8104,0.2845,848120159.0,True,True,False,bulk_1.0.0,0.0,0
5,ztf,58850.55378470011,1096553785915015018,1,1096553785915,20.0913,1,1096,0.254433,20.439,19.945496,20.3807,0.357139,0.22498555,0.22669162,0.3434,264.6705989,71.8714289,0.342857,t17_f5_c3,,20.7828,0.6359,,False,True,False,bulk_1.0.0,0.0,1098559935915015006
6,ztf,58852.559930600226,1098559935915015006,2,1098559935915,20.365313,1,1098,1.3827492,19.558874,19.316395,19.8891,0.10989435,0.086197026,0.08789889,0.2571,264.6707637,71.8715147,0.72571427,t17_f5_c3,0.999892,19.9473,0.3467,848120259.0,True,True,False,bulk_1.0.0,0.0,0
