,tid,mjd,candid,fid,pid,diffmaglim,isdiffpos,nid,distnr,magpsf,magpsf_corr,magap,sigmapsf,sigmapsf_corr,sigmapsf_corr_ext,sigmagap,ra,dec,rb,rbversion,drb,magapbig,sigmagapbig,rfid,has_stamp,corrected,dubious,step_id_corr,phase,parent_candid
0,ztf,58936.31019680016,1182310191115015006,1,1182310191115,20.434273,1,1182,0.98046696,19.058468,17.173542,19.2118,0.1013963,100.0,0.017867012,0.1364,198.8400782,1.3137083,0.9342857,t17_f5_c3,0.9998908,19.1608,0.1568,475120111,False,True,False,bulk_1.0.0,0.0,1185334001115015037
1,ztf,58937.39063660009,1183390631115015009,1,1183390631115,20.673641,1,1183,1.0885054,19.067135,17.175064,19.2154,0.103297465,100.0,0.01808263,0.1327,198.8400504,1.3137215,0.93714285,t17_f5_c3,0.9999945,19.2592,0.1652,475120111,False,True,False,bulk_1.0.0,0.0,1185334001115015037
2,ztf,58939.33400460007,1185334001115015037,1,1185334001115,19.750826,1,1185,1.280333,19.371164,17.222506,19.552,0.16517894,100.0,0.022829225,0.3271,198.8399927,1.313722,0.87285715,t17_f5_c3,0.9999763,19.6025,0.426,475120111,True,True,False,bulk_1.0.0,0.0,0
