,tid,mjd,candid,fid,pid,diffmaglim,isdiffpos,nid,distnr,magpsf,magpsf_corr,magap,sigmapsf,sigmapsf_corr,sigmapsf_corr_ext,sigmagap,ra,dec,rb,rbversion,drb,magapbig,sigmagapbig,rfid,has_stamp,corrected,dubious,step_id_corr,phase,parent_candid
0,ztf,59040.35587960016,1286355871215015026,2,1286355871215,19.95635,1,1286,1.3991646,17.093407,17.082932,17.0876,0.04475149,0.044234212,0.04432178,0.0323,306.3400834,-26.8932758,0.9142857,t17_f5_c3,1.0,17.0708,0.0402,287120212,False,True,False,bulk_1.0.0,0.0,1.294376811215015e+18
1,ztf,59040.4611343001,1286461131215015008,1,1286461131215,19.137888,1,1286,1.5571994,16.66936,,16.6797,0.040541656,,,0.0308,306.3400828,-26.8932725,0.85142857,t17_f5_c3,0.9999999,16.6937,0.0395,287120112,False,False,False,bulk_1.0.0,0.0,1.294376811215015e+18
2,ztf,59043.33537039999,1289335371215015015,1,1289335371215,19.971443,1,1289,1.5501407,17.28041,,17.274,0.04374502,,,0.0287,306.3400765,-26.8932678,0.9257143,t17_f5_c3,1.0,17.2536,0.0353,287120112,False,False,False,bulk_1.0.0,0.0,1.294376811215015e+18
3,ztf,59043.37791670021,1289377911215015034,2,1289377911215,20.135994,1,1289,1.4193128,17.506914,,17.5471,0.04344061,,,0.04,306.340073,-26.8932581,0.9057143,t17_f5_c3,0.99999976,17.5576,0.0511,287120212,False,False,True,bulk_1.0.0,0.0,1.294376811215015e+18
4,ztf,59048.376817100216,1294376811215015021,2,1294376811215,20.181507,1,1294,1.3736173,18.129564,18.102566,18.198,0.063939,0.061960652,0.062368665,0.0649,306.3400828,-26.8932844,0.91714287,t17_f5_c3,0.9999997,18.1702,0.0805,287120212,True,True,False,bulk_1.0.0,0.0,0.0
5,ztf,59386.397071800195,1632397071215015024,2,1632397071215,19.563852,1,1632,1.2964749,19.097929,19.033201,18.9112,0.15561344,0.1456437,0.14660753,0.1791,306.3400713,-26.8933073,0.7114286,t17_f5_c3,0.99973845,19.0523,0.2614,287120212,True,True,False,correction_0.0.1,0.0,
