,tid,mjd,candid,fid,pid,diffmaglim,isdiffpos,nid,distnr,magpsf,magpsf_corr,magap,sigmapsf,sigmapsf_corr,sigmapsf_corr_ext,sigmagap,ra,dec,rb,rbversion,drb,magapbig,sigmagapbig,rfid,has_stamp,corrected,dubious,step_id_corr,phase,parent_candid
0,ztf,58803.22197919991,1049221973715015026,1,1049221973715,18.541733,1,1049,0.18937474,16.434261,14.727354,16.3854,0.042902898,100.0,0.008906843,0.0522,24.7677065,85.474314,0.67,t17_f5_c3,0.99904156,16.3272,0.0623,869120137,True,True,False,bulk_1.0.0,0.0,0.0
1,ztf,58900.1590741002,1146159072315015144,2,1146159072315,19.062237,1,1146,0.25414592,16.879965,14.408401,17.1827,0.068432055,100.0,0.007024797,0.0647,24.7692222,85.4742873,0.5957143,t17_f5_c3,0.9889684,17.1876,0.0799,880120223,True,True,False,bulk_1.0.0,0.0,0.0
2,ztf,58999.43512730021,1245435122315015137,1,1245435122315,16.762556,1,1245,0.26623458,15.390992,14.435982,15.5044,0.08452079,0.033453535,0.03507191,0.077,24.7677339,85.4742346,0.5442857,t17_f5_c3,0.8776094,15.4354,0.0913,880120123,True,True,False,bulk_1.0.0,0.0,0.0
3,ztf,58999.43512730021,1245435122315025137,1,1245435122315,16.762556,1,1245,0.26623458,15.390992,14.435982,15.5044,0.08452079,0.033453535,0.03507191,0.077,24.7677339,85.4742346,0.5442857,t17_f5_c3,0.8776094,15.4354,0.0913,880120123,False,True,False,bulk_1.0.0,0.0,1.2454811223150152e+18
4,ztf,58999.48112270003,1245481122315015154,2,1245481122315,17.497227,1,1245,1.204342,16.526197,14.366297,16.5554,0.09862847,100.0,0.013490937,0.0997,24.7721734,85.4744503,0.46,t17_f5_c3,0.8271178,16.6251,0.1344,880120223,False,True,False,bulk_1.0.0,0.0,1.27046611231501e+18
5,ztf,59024.46611109981,1270466112315010078,2,1270466112315,18.899727,-1,1270,0.19265056,16.580883,14.703318,16.621,0.06313587,100.0,0.011200826,0.0595,24.7689932,85.4743112,0.7442857,t17_f5_c3,0.9992293,16.598,0.0724,880120223,True,True,False,bulk_1.0.0,0.0,0.0
6,ztf,59440.42575229984,1686425753715010036,1,1686425753715,18.873312,-1,1686,0.36284086,16.692543,15.231173,16.6457,0.054712906,100.0,0.014241041,0.0489,24.7671207,85.4742757,0.64857143,t17_f5_c3,0.9987057,16.6235,0.0593,869120137,True,True,False,correction_1.0.6,0.0,
7,ztf,59778.30129629979,2024301292315010160,2,2024301292315,16.694042,-1,2024,0.08481464,15.146387,15.429117,15.1866,0.032774165,0.009901311,0.042522978,0.0947,24.7684494,85.4742769,0.5885714,t17_f5_c3,0.99992657,15.1383,0.1163,880120223,True,True,False,dev,0.0,
