,tid,mjd,candid,fid,pid,diffmaglim,isdiffpos,nid,distnr,magpsf,magpsf_corr,magap,sigmapsf,sigmapsf_corr,sigmapsf_corr_ext,sigmagap,ra,dec,rb,rbversion,drb,magapbig,sigmagapbig,rfid,has_stamp,corrected,dubious,step_id_corr,phase,parent_candid
0,ztf,58758.50084490003,1004500841415015050,1,1004500841415,20.058777,1,1004,0.756739,17.27895,13.416592,18.0199,0.1959724,100.0,0.0055879382,0.1174,85.9384114,-27.6281269,0.26857144,t17_f5_c3,0.12938777,18.022,0.1261,257120114,True,True,False,bulk_1.0.0,0.0,0
1,ztf,58885.254525499884,1131254521415010171,1,1131254521415,17.248798,-1,1131,0.26673916,15.442313,13.636425,15.762,0.07046414,0.007982477,0.01335405,0.0622,85.9382855,-27.6278672,0.5342857,t17_f5_c3,0.9719342,15.7736,0.0795,257120114,False,True,False,bulk_1.0.0,0.0,1131254970315010165
2,ztf,58885.25497689983,1131254970315010165,1,1131254970315,16.886618,-1,1131,0.24843793,15.134799,13.683197,15.1143,0.053648077,100.0,0.014090083,0.0472,85.9384168,-27.6278773,0.48714286,t17_f5_c3,0.9465172,15.0663,0.0573,256120103,True,True,False,bulk_1.0.0,0.0,0
3,ztf,59183.33442129986,1429334421415015035,1,1429334421415,17.17108,1,1429,1.0003542,16.10104,13.3575735,16.4095,0.1260449,0.00573449,0.010072529,0.1686,85.9383468,-27.6282026,0.45,t17_f5_c3,0.2524274,16.3086,0.196,257120114,False,True,False,bulk_1.0.0,0.0,1436419791415015125
4,ztf,59190.41979169985,1436419791415015125,2,1436419791415,16.146,1,1436,0.73179793,14.32698,12.422647,14.2641,0.091825455,100.0,0.015893895,0.0587,85.9383002,-27.6281094,0.50714284,t17_f5_c3,0.9206225,14.2968,0.0765,257120214,False,True,False,bulk_1.0.0,0.0,1436423540315015201
5,ztf,59190.4235417,1436423540315015201,2,1436423540315,16.629723,1,1436,0.50296694,13.625438,12.296803,13.6425,0.0311129,100.0,0.009151386,0.0231,85.9383079,-27.6280358,0.51285714,t17_f5_c3,0.94518924,13.6421,0.0289,256120203,True,True,False,bulk_1.0.0,0.0,0
