,tid,mjd,candid,fid,pid,diffmaglim,isdiffpos,nid,distnr,magpsf,magpsf_corr,magap,sigmapsf,sigmapsf_corr,sigmapsf_corr_ext,sigmagap,ra,dec,rb,rbversion,magapbig,sigmagapbig,has_stamp,corrected,dubious,step_id_corr,phase,parent_candid,drb,rfid
0,ztf,59193.25113430014,1439251132815015006,2,1439251132815,20.1567,1,1439,0.452415,19.918,18.615658,19.4025,0.213912,0.05905089,0.06446118,0.1894,65.1008019,-24.9203527,0.562857,t17_f5_c3,19.298,0.2198,False,True,False,bulk_1.0.0,0.0,1439328512815015007,,
1,ztf,59193.328518500086,1439328512815015007,1,1439328512815,20.231709,1,1439,0.523496,20.007046,19.276714,19.8496,0.19509105,0.09761919,0.09956465,0.2478,65.1008131,-24.9203715,0.8957143,t17_f5_c3,19.9059,0.3338,True,True,False,bulk_1.0.0,0.0,0,0.99999475,254120128.0
