,tid,mjd,candid,fid,pid,diffmaglim,isdiffpos,nid,distnr,magpsf,magpsf_corr,magap,sigmapsf,sigmapsf_corr,sigmapsf_corr_ext,sigmagap,ra,dec,rb,rbversion,drb,magapbig,sigmagapbig,rfid,has_stamp,corrected,dubious,step_id_corr,phase,parent_candid
0,ztf,58936.30609950004,1182306092915015003,1,1182306092915,20.707973,1,1182,0.8629941,19.510883,18.301813,19.4389,0.15776029,0.04254937,0.05180479,0.1246,205.5864168,18.7339241,0.74142855,t17_f5_c3,0.9976969,19.4097,0.1526,579120129.0,False,True,False,bulk_1.0.0,0.0,1183387922915015006
1,ztf,58937.387928199954,1183387922915015006,1,1183387922915,20.974737,1,1183,1.0320983,19.658966,18.34825,19.6501,0.18033512,0.04423436,0.053925432,0.1306,205.5864568,18.7338967,0.5114286,t17_f5_c3,0.99902666,19.5322,0.1467,579120129.0,False,True,False,bulk_1.0.0,0.0,1186379622915015001
2,ztf,58939.35310189985,1185353102915015001,1,1185353102915,19.8069,1,1185,0.997907,19.7093,18.363058,19.3524,0.263564,0.069573626,0.07627626,0.2688,205.5864446,18.7338778,0.848571,t17_f5_c3,,19.2564,0.3144,,False,True,False,bulk_1.0.0,0.0,1186379622915015001
3,ztf,58940.37962959986,1186379622915015001,1,1186379622915,20.453176,1,1186,1.1222855,19.881254,18.410086,19.8245,0.19971891,0.03984936,0.05151711,0.2314,205.5864989,18.7339722,0.8371429,t17_f5_c3,0.9998647,19.7393,0.2715,579120129.0,True,True,False,bulk_1.0.0,0.0,0
