,tid,mjd,candid,fid,pid,diffmaglim,isdiffpos,nid,distnr,magpsf,magpsf_corr,magap,sigmapsf,sigmapsf_corr,sigmapsf_corr_ext,sigmagap,ra,dec,rb,rbversion,drb,magapbig,sigmagapbig,rfid,has_stamp,corrected,dubious,step_id_corr,phase,parent_candid
0,ztf,58936.30609950004,1182306094815015007,1,1182306094815,20.67148,1,1182,0.16618513,19.943123,18.703463,19.8149,0.18747711,0.039543893,0.05985279,0.193,212.0163775,22.3414154,0.8257143,t17_f5_c3,0.9992388,20.1166,0.322,579120148,False,True,False,bulk_1.0.0,0.0,1183387924815015015
1,ztf,58937.387928199954,1183387924815015015,1,1183387924815,20.92578,1,1183,0.10790466,19.849335,18.672632,19.7514,0.17913137,0.042017564,0.060602486,0.1524,212.0164011,22.3414146,0.7114286,t17_f5_c3,0.9988407,19.7785,0.1969,579120148,True,True,False,bulk_1.0.0,0.0,0
