,tid,mjd,candid,fid,pid,diffmaglim,isdiffpos,nid,distnr,magpsf,magpsf_corr,magap,sigmapsf,sigmapsf_corr,sigmapsf_corr_ext,sigmagap,ra,dec,rb,rbversion,magapbig,sigmagapbig,has_stamp,corrected,dubious,step_id_corr,phase,parent_candid,drb,rfid
0,ztf,59188.29363430012,1434293631715015003,2,1434293631715,19.6643,1,1434,0.399189,19.7046,19.562672,19.7744,0.249472,0.21780066,0.21890235,0.3866,77.9276421,-24.5632685,0.772857,t17_f5_c3,19.6518,0.4438,False,True,False,bulk_1.0.0,0.0,1444336211715015004,,
1,ztf,59193.283194399904,1439283191715015005,2,1439283191715,20.112883,1,1439,0.5354659,19.480238,19.363436,19.3798,0.13859726,0.123114854,0.12446117,0.1861,77.9276945,-24.5632651,0.8642857,t17_f5_c3,19.5287,0.2734,False,True,False,bulk_1.0.0,0.0,1444336211715015004,0.99984384,255120217.0
2,ztf,59193.33747689985,1439337471715015010,1,1439337471715,20.187141,1,1439,0.9845233,19.461527,19.30417,19.5991,0.15533051,0.13174604,0.13437371,0.1997,77.927648,-24.5633241,0.82857144,t17_f5_c3,19.3491,0.2034,False,True,False,bulk_1.0.0,0.0,1444336211715015004,0.99992335,255120117.0
3,ztf,59198.33621530002,1444336211715015004,1,1444336211715,19.905405,1,1444,1.1275399,19.553366,19.383156,19.4573,0.18076639,0.15189813,0.15453748,0.1977,77.927667,-24.5632482,0.5271429,t17_f5_c3,19.3853,0.2371,True,True,False,bulk_1.0.0,0.0,0,0.9995499,255120117.0
