,tid,mjd,candid,fid,pid,diffmaglim,isdiffpos,nid,distnr,magpsf,magap,sigmapsf,sigmagap,ra,dec,rb,rbversion,drb,magapbig,sigmagapbig,rfid,has_stamp,corrected,dubious,step_id_corr,phase,parent_candid
0,ztf,58911.393900500145,1157393903715015009,1,1157393903715,20.100323,1,1157,1.538705,19.488697,19.4665,0.2079592,0.1578,197.6423101,70.3297801,0.78,t17_f5_c3,0.9984039,19.3093,0.1738,844120137,False,False,False,bulk_1.0.0,0.0,1157469713715015008
1,ztf,58911.4697106001,1157469713715015008,2,1157469713715,19.975443,1,1157,1.7392052,19.60134,19.6809,0.17151941,0.2394,197.6421647,70.3297995,0.8685714,t17_f5_c3,0.99729955,19.5119,0.2607,844120237,False,False,False,bulk_1.0.0,0.0,1160450753715015003
2,ztf,58912.46917819977,1158469173715015009,2,1158469173715,20.186604,1,1158,1.8801568,19.482052,19.5621,0.11389098,0.2054,197.642107,70.3297504,0.95285714,t17_f5_c3,0.9995779,19.3866,0.2219,844120237,False,False,False,bulk_1.0.0,0.0,1160450753715015003
3,ztf,58912.51304400014,1158513043715015013,1,1158513043715,20.567736,1,1158,1.6010926,19.541056,19.4453,0.145532,0.1393,197.6422712,70.3297684,0.94,t17_f5_c3,0.9999938,19.3448,0.1611,844120137,False,False,False,bulk_1.0.0,0.0,1160450753715015003
4,ztf,58913.322523099836,1159322523715015004,1,1159322523715,19.902952,1,1159,1.8082044,19.472895,19.4508,0.16068842,0.2651,197.6421687,70.3297125,0.95857143,t17_f5_c3,0.9999965,19.2701,0.2874,844120137,False,False,False,bulk_1.0.0,0.0,1160450753715015003
5,ztf,58913.45467589982,1159454673715015004,2,1159454673715,20.03519,1,1159,1.6737069,19.539684,19.3731,0.20462407,0.2304,197.6423402,70.3297327,0.87285715,t17_f5_c3,0.99518394,19.3197,0.2798,844120237,False,False,False,bulk_1.0.0,0.0,1160450753715015003
6,ztf,58914.41461810004,1160414613715015003,2,1160414613715,20.00228,1,1160,1.5713688,19.524075,19.4498,0.14292058,0.2636,197.6423302,70.3297932,0.9014286,t17_f5_c3,0.9986464,19.6984,0.423,844120237,False,False,False,bulk_1.0.0,0.0,1160450753715015003
7,ztf,58914.45075230021,1160450753715015003,1,1160450753715,19.927801,1,1160,1.7131538,19.289207,19.2227,0.14264432,0.2115,197.6421607,70.3297726,0.97,t17_f5_c3,0.9999994,19.2349,0.2738,844120137,True,False,False,bulk_1.0.0,0.0,0
