,tid,mjd,candid,fid,pid,diffmaglim,isdiffpos,nid,distnr,magpsf,magpsf_corr,magap,sigmapsf,sigmapsf_corr,sigmapsf_corr_ext,sigmagap,ra,dec,rb,rbversion,magapbig,sigmagapbig,has_stamp,corrected,dubious,step_id_corr,phase,parent_candid,drb,rfid
0,ztf,59165.298692100216,1411298694115015002,1,1411298694115,20.7428,1,1411,0.817528,20.0789,19.502714,19.553,0.169129,0.097661674,0.09948181,0.1381,46.1209474,6.2272449,0.515714,t17_f5_c3,19.3701,0.1491,False,True,False,bulk_1.0.0,0.0,1415318994115015004,,
1,ztf,59165.32093749987,1411320934115015002,2,1411320934115,20.6232,1,1411,0.825356,20.1726,19.189486,19.7507,0.177139,0.06458201,0.071625575,0.1919,46.1209738,6.2273168,0.628571,t17_f5_c3,19.5413,0.2021,False,True,False,bulk_1.0.0,0.0,1415318994115015004,,
2,ztf,59167.34421300003,1413344214115015004,2,1413344214115,20.2326,1,1413,1.04899,20.1149,19.165783,19.6423,0.178759,0.06814501,0.07457979,0.2047,46.1210441,6.2273758,0.607143,t17_f5_c3,19.5636,0.2436,False,True,False,bulk_1.0.0,0.0,1415318994115015004,,
3,ztf,59169.28443290014,1415284434115015005,2,1415284434115,20.339767,1,1415,1.1475745,19.9845,19.109465,19.6285,0.18613979,0.07800528,0.08314279,0.1993,46.1210605,6.2272874,0.6785714,t17_f5_c3,19.552,0.2375,False,True,False,bulk_1.0.0,0.0,1415318994115015004,0.999748,453120241.0
4,ztf,59169.318993099965,1415318994115015004,1,1415318994115,20.467855,1,1415,0.9514298,19.915195,19.403461,19.6002,0.14368428,0.08800219,0.08968421,0.1607,46.1210358,6.2273081,0.7614286,t17_f5_c3,19.4298,0.1757,True,True,False,bulk_1.0.0,0.0,0,0.99998045,453120141.0
