,tid,mjd,candid,fid,pid,diffmaglim,isdiffpos,nid,distnr,magpsf,magap,sigmapsf,sigmagap,ra,dec,rb,rbversion,magapbig,sigmagapbig,has_stamp,corrected,dubious,step_id_corr,phase,parent_candid,drb,rfid
0,ztf,59198.25585650001,1444255850115015005,2,1444255850115,20.015,1,1444,5.93877,20.4894,20.6986,0.343836,0.5671,74.3582359,-5.1055079,0.295714,t17_f5_c3,20.2827,0.4996,False,False,False,bulk_1.0.0,0.0,1449213430115015017,,
1,ztf,59198.25585650001,1444255850115025005,2,1444255850115,20.015,1,1444,5.93877,20.4894,20.6986,0.343836,0.5671,74.3582359,-5.1055079,0.295714,t17_f5_c3,20.2827,0.4996,False,False,False,bulk_1.0.0,0.0,1462249390115015005,,
2,ztf,59200.22619209997,1446226190115015010,1,1446226190115,20.4093,1,1446,7.05007,20.169,19.9362,0.224438,0.2383,74.3582349,-5.1054762,0.721429,t17_f5_c3,20.2434,0.4064,False,False,False,bulk_1.0.0,0.0,1449213430115015017,,
3,ztf,59200.2572337999,1446257230115015003,2,1446257230115,20.3758,1,1446,6.06467,20.4408,20.1807,0.224678,0.3437,74.3581822,-5.1054633,0.511429,t17_f5_c3,20.4401,0.5671,False,False,False,bulk_1.0.0,0.0,1449213430115015017,,
4,ztf,59203.213437499944,1449213430115015017,2,1449213430115,20.120104,1,1449,6.17378,20.139238,20.3187,0.2072289,0.4255,74.3581964,-5.1054347,0.6157143,t17_f5_c3,20.6502,0.7466,False,False,False,bulk_1.0.0,0.0,1462249390115015005,0.9900408,406120201.0
5,ztf,59203.29878470022,1449298780115015010,1,1449298780115,20.1113,1,1449,6.94068,20.1222,20.217,0.226463,0.2901,74.3582652,-5.1054287,0.34,t17_f5_c3,20.0081,0.3076,False,False,False,bulk_1.0.0,0.0,1462249390115015005,,
6,ztf,59205.20505789993,1451205050115015007,2,1451205050115,20.2441,1,1451,6.16523,20.2712,20.5331,0.238972,0.5288,74.3581642,-5.1054327,0.598571,t17_f5_c3,20.5132,0.6738,False,False,False,bulk_1.0.0,0.0,1462249390115015005,,
7,ztf,59205.280555599835,1451280550115015008,1,1451280550115,20.3807,1,1451,7.23575,20.1784,19.778,0.187179,0.2217,74.3581859,-5.1054969,0.532857,t17_f5_c3,19.6552,0.255,False,False,False,bulk_1.0.0,0.0,1462249390115015005,,
8,ztf,59216.24939810019,1462249390115015005,2,1462249390115,20.066532,1,1462,6.1081414,20.008125,20.0489,0.20012775,0.4182,74.3582084,-5.1054536,0.47285715,t17_f5_c3,19.7203,0.3985,True,False,False,bulk_1.0.0,0.0,0,0.99996114,406120201.0
