,tid,mjd,candid,fid,pid,diffmaglim,isdiffpos,nid,distnr,magpsf,magpsf_corr,magap,sigmapsf,sigmapsf_corr,sigmapsf_corr_ext,sigmagap,ra,dec,rb,rbversion,drb,magapbig,sigmagapbig,rfid,has_stamp,corrected,dubious,step_id_corr,phase,parent_candid
0,ztf,58955.303969900124,1201303960315015000,1,1201303960315,20.54259,1,1201,0.11850716,19.689058,17.95369,19.567,0.13804907,100.0,0.027918102,0.1561,200.0040589,30.3300588,0.97,t17_f5_c3,0.999644,19.5661,0.195,673120103,False,True,False,bulk_1.0.0,0.0,1202244901415015001
1,ztf,58956.244907400105,1202244901415015001,1,1202244901415,20.636751,1,1202,0.21893176,19.65984,17.952475,19.6856,0.14564632,100.0,0.030224109,0.1789,200.0040866,30.3300673,0.9457143,t17_f5_c3,0.99988914,19.6517,0.2175,674120114,False,True,False,bulk_1.0.0,0.0,1214369370315015000
2,ztf,58962.23524310021,1208235240315015000,1,1208235240315,20.61583,1,1208,0.08411955,19.774664,17.970467,19.7651,0.14545768,100.0,0.027609425,0.1872,200.0040369,30.3300593,0.95857143,t17_f5_c3,0.99962646,19.7596,0.2329,673120103,False,True,False,bulk_1.0.0,0.0,1214369370315015000
3,ztf,58962.3422801001,1208342281415015002,1,1208342281415,20.510857,1,1208,0.31920585,19.801926,17.98047,19.586,0.16719212,100.0,0.031234423,0.1685,200.0041174,30.3300576,0.9085714,t17_f5_c3,0.9996563,19.5695,0.208,674120114,False,True,False,bulk_1.0.0,0.0,1214369370315015000
4,ztf,58965.233298600186,1211233290315015000,1,1211233290315,20.742374,1,1211,0.24999715,19.861301,17.986387,19.5961,0.15718089,100.0,0.027953371,0.1467,200.0040748,30.3300228,0.93714285,t17_f5_c3,0.9992213,19.6649,0.1942,673120103,False,True,False,bulk_1.0.0,0.0,1214369370315015000
5,ztf,58965.2589699002,1211258961415015001,1,1211258961415,20.743904,1,1211,0.19068472,19.85218,17.989683,20.1886,0.17753036,100.0,0.031935506,0.2592,200.0040717,30.3300572,0.89428574,t17_f5_c3,0.99999404,20.3524,0.3763,674120114,False,True,False,bulk_1.0.0,0.0,1214369370315015000
6,ztf,58965.29518519994,1211295180315015003,2,1211295180315,20.558203,1,1211,0.42433587,19.475737,17.007965,19.3309,0.116611995,100.0,0.012012533,0.1506,200.0040951,30.3300698,0.94857144,t17_f5_c3,0.99981403,19.453,0.2059,673120203,False,True,False,bulk_1.0.0,0.0,1214369370315015000
7,ztf,58968.36937499978,1214369370315015000,2,1214369370315,20.54362,1,1214,0.6189105,19.660189,17.025581,20.0463,0.19218846,100.0,0.016977921,0.2926,200.0041377,30.3300125,0.88857144,t17_f5_c3,0.9998457,19.8072,0.2888,673120203,True,True,False,bulk_1.0.0,0.0,0
