,tid,mjd,candid,fid,pid,diffmaglim,isdiffpos,nid,distnr,magpsf,magpsf_corr,magap,sigmapsf,sigmapsf_corr,sigmapsf_corr_ext,sigmagap,ra,dec,rb,rbversion,drb,magapbig,sigmagapbig,rfid,has_stamp,corrected,dubious,step_id_corr,phase,parent_candid
0,ztf,58936.45418980019,1182454184415015002,2,1182454184415,20.651066,1,1182,1.2758565,19.978828,19.523596,20.1826,0.17800719,0.11222923,0.117042825,0.2657,217.2060077,35.0928269,0.79142857,t17_f5_c3,0.99999774,20.2476,0.3603,676120244,False,True,False,bulk_1.0.0,0.0,1182467444415015001
1,ztf,58936.467442099936,1182467444415015001,1,1182467444415,20.819284,1,1182,1.6818575,19.938662,,20.3803,0.17403106,,,0.2595,217.2059751,35.0928433,0.6785714,t17_f5_c3,0.9998375,19.8988,0.213,676120144,False,False,False,bulk_1.0.0,0.0,1187424124415015002
2,ztf,58941.4241204001,1187424124415015002,2,1187424124415,20.60613,1,1187,1.269614,19.967329,19.516022,19.8357,0.162011,0.10169361,0.10691081,0.1767,217.2060124,35.0927792,0.7,t17_f5_c3,0.99986064,19.9801,0.2572,676120244,True,True,False,bulk_1.0.0,0.0,0
