,tid,mjd,candid,fid,pid,diffmaglim,isdiffpos,nid,distnr,magpsf,magpsf_corr,magap,sigmapsf,sigmapsf_corr,sigmapsf_corr_ext,sigmagap,ra,dec,rb,rbversion,drb,magapbig,sigmagapbig,rfid,has_stamp,corrected,dubious,step_id_corr,phase,parent_candid
0,ztf,59185.39961809991,1431399612115010001,1,1431399612115,19.164633,-1,1431,0.88698906,16.386604,12.7059965,17.087,0.1587214,100.0,0.0053504766,0.071,86.7982453,-17.2407096,0.27142859,t17_f5_c3,0.00075766,17.0985,0.0829,306120121,False,True,False,bulk_1.0.0,0.0,1436342112115015011
1,ztf,59190.3421180998,1436342112115015011,1,1436342112115,16.902004,1,1436,0.16266824,13.623054,12.292573,13.6848,0.020265043,100.0,0.0059505254,0.02,86.7985243,-17.2406525,0.56857145,t17_f5_c3,0.9582111,13.6933,0.0249,306120121,True,True,False,bulk_1.0.0,0.0,0
2,ztf,59226.29771990003,1472297712115010006,1,1472297712115,20.074362,-1,1472,0.34606344,16.379026,12.706253,17.061,0.14729819,100.0,0.0050013596,0.0538,86.7985359,-17.2407099,0.29142857,t17_f5_c3,0.00093088,17.0317,0.0546,306120121,True,True,False,bulk_1.0.0,0.0,0
