,tid,mjd,candid,fid,pid,diffmaglim,isdiffpos,nid,distnr,magpsf,magpsf_corr,magap,sigmapsf,sigmapsf_corr,sigmapsf_corr_ext,sigmagap,ra,dec,rb,rbversion,drb,magapbig,sigmagapbig,rfid,has_stamp,corrected,dubious,step_id_corr,phase,parent_candid
0,ztf,58936.29868059978,1182298680215015008,1,1182298680215,20.56537,1,1182,0.6132357,19.922562,17.735535,20.0046,0.18287097,100.0,0.024396861,0.2472,208.513811,44.4378533,0.9,t17_f5_c3,0.99451685,19.6352,0.2209,757120102,False,True,False,bulk_1.0.0,0.0,1187426920215015004
1,ztf,58941.426921300124,1187426920215015004,2,1187426920215,20.381708,1,1187,0.7335722,19.901766,17.718893,20.0036,0.19154575,100.0,0.025652127,0.2816,208.5138397,44.4378658,0.96428573,t17_f5_c3,0.9998909,20.2743,0.4527,757120202,True,True,False,bulk_1.0.0,0.0,0
2,ztf,58980.26472220011,1226264720215015005,2,1226264720215,20.735418,1,1226,0.7130344,19.95348,17.725677,19.6749,0.17345929,100.0,0.022288283,0.1823,208.5138471,44.4378232,0.91714287,t17_f5_c3,0.9999935,19.6769,0.2266,757120202,True,True,False,bulk_1.0.0,0.0,0
