,tid,mjd,candid,fid,pid,diffmaglim,isdiffpos,nid,distnr,magpsf,magap,sigmapsf,sigmagap,ra,dec,rb,rbversion,magapbig,sigmagapbig,has_stamp,corrected,dubious,step_id_corr,phase,parent_candid,drb,rfid
0,ztf,58914.47083330015,1160470833515015002,1,1160470833515,19.694,1,1160,5.43626,19.718,19.3586,0.38228,0.295,209.9535606,48.2722473,0.275714,t17_f5_c3,19.5966,0.4713,False,False,False,bulk_1.0.0,0.0,1186386973515015013,,
1,ztf,58939.423692100216,1185423693515015010,2,1185423693515,19.9663,1,1185,2.58878,19.4916,18.5936,0.309649,0.119,209.9532192,48.2721148,0.058571,t17_f5_c3,18.4542,0.1339,False,False,False,bulk_1.0.0,0.0,1186386973515015013,,
2,ztf,58940.386979199946,1186386973515015013,1,1186386973515,20.185331,1,1186,5.5197396,19.557432,19.2958,0.20151001,0.1555,209.9532785,48.2723549,0.5957143,t17_f5_c3,19.2961,0.1987,True,False,False,bulk_1.0.0,0.0,0,0.9998311,757120135.0
