,tid,mjd,candid,fid,pid,diffmaglim,isdiffpos,nid,distnr,magpsf,magpsf_corr,magap,sigmapsf,sigmapsf_corr,sigmapsf_corr_ext,sigmagap,ra,dec,rb,rbversion,magapbig,sigmagapbig,has_stamp,corrected,dubious,step_id_corr,phase,parent_candid,drb,rfid
0,ztf,59185.324849499855,1431324843515015002,2,1431324843515,19.2346,1,1431,0.554761,19.7685,19.541637,19.8228,0.323239,0.26135886,0.26228833,0.5841,71.1743436,-23.9738299,0.407143,t17_f5_c3,20.0426,0.9193,False,True,False,bulk_1.0.0,0.0,1439283194615015006,,
1,ztf,59185.33627310023,1431336274615015007,2,1431336274615,19.4292,1,1431,0.987896,19.9031,19.720177,19.5827,0.265247,0.2227605,0.22412051,0.4308,71.1744129,-23.9737626,0.24,t17_f5_c3,19.4288,0.4804,False,True,False,bulk_1.0.0,0.0,1439283194615015006,,
2,ztf,59188.29363430012,1434293634615015007,2,1434293634615,19.702,1,1434,0.958426,20.1243,19.903988,20.4316,0.312669,0.25357094,0.25524673,0.6685,71.1743936,-23.9737965,0.542857,t17_f5_c3,20.4785,0.8967,False,True,False,bulk_1.0.0,0.0,1439283194615015006,,
3,ztf,59188.345960599836,1434345963515015002,2,1434345963515,19.6964,1,1434,0.832788,20.0247,19.744675,19.7081,0.275265,0.21101737,0.2126871,0.3641,71.1742917,-23.9739638,0.257143,t17_f5_c3,19.5125,0.3903,False,True,False,bulk_1.0.0,0.0,1439283194615015006,,
4,ztf,59193.25113430014,1439251133515015003,2,1439251133515,20.0394,1,1439,0.573704,19.9818,19.71138,19.7795,0.226172,0.17441036,0.17630757,0.2909,71.1743526,-23.9739127,0.541429,t17_f5_c3,19.6954,0.3458,False,True,False,bulk_1.0.0,0.0,1439283194615015006,,
5,ztf,59193.283194399904,1439283194615015006,2,1439283194615,20.151976,1,1439,0.41999197,19.88546,19.705254,19.824,0.19900326,0.166806,0.16856906,0.2741,71.1745408,-23.9738706,0.68,t17_f5_c3,19.7848,0.3394,True,True,False,bulk_1.0.0,0.0,0,0.999564,255120246.0
