,tid,mjd,candid,fid,pid,diffmaglim,isdiffpos,nid,distnr,magpsf,magap,sigmapsf,sigmagap,ra,dec,rb,rbversion,drb,magapbig,sigmagapbig,rfid,has_stamp,corrected,dubious,step_id_corr,phase,parent_candid
0,ztf,59130.37518520001,1376375183515015003,1,1376375183515,19.801147,1,1376,3.5479906,19.274067,18.9894,0.12617843,0.1678,33.928653,-24.0986584,0.72571427,t17_f5_c3,0.9999378,19.1231,0.2438,249120135,False,False,False,bulk_1.0.0,0.0,1384352873515015005
1,ztf,59130.4202430998,1376420243515015002,2,1376420243515,19.921894,1,1376,3.2283692,19.480572,20.1955,0.15964909,0.477,33.9286286,-24.0986293,0.71,t17_f5_c3,0.9979918,19.988,0.5087,249120235,False,False,False,bulk_1.0.0,0.0,1384352873515015005
2,ztf,59136.35538189998,1382355383515015009,1,1382355383515,20.372782,1,1382,3.3672798,19.494081,19.7596,0.13821006,0.2191,33.9285929,-24.0986681,0.86714286,t17_f5_c3,0.9998362,19.7215,0.2724,249120135,False,False,False,bulk_1.0.0,0.0,1384352873515015005
3,ztf,59138.352870400064,1384352873515015005,2,1384352873515,19.94995,1,1384,3.0384543,19.569334,19.604,0.20818226,0.2412,33.9285712,-24.0985942,0.6542857,t17_f5_c3,0.9948396,19.8322,0.384,249120235,False,False,False,bulk_1.0.0,0.0,1386304383515015005
4,ztf,59138.356678199954,1384356673515015003,1,1384356673515,19.990398,1,1384,3.3165278,19.586214,19.3969,0.21211237,0.1754,33.9285392,-24.0986258,0.46571428,t17_f5_c3,0.99539995,19.3071,0.2077,249120135,False,False,False,bulk_1.0.0,0.0,1386304383515015005
5,ztf,59140.30438659992,1386304383515015005,1,1386304383515,20.310385,1,1386,3.3912508,19.939798,19.6362,0.19124544,0.2002,33.9285973,-24.0986616,0.49,t17_f5_c3,0.9993843,19.566,0.2417,249120135,False,False,False,bulk_1.0.0,0.0,1386357313515015009
6,ztf,59140.35731479991,1386357313515015009,2,1386357313515,20.090614,1,1386,3.251907,19.669508,20.339,0.16650653,0.4777,33.9286185,-24.0986409,0.7271429,t17_f5_c3,0.99937516,19.9369,0.4267,249120235,False,False,False,bulk_1.0.0,0.0,1388357533515025002
7,ztf,59142.35753470007,1388357533515015002,2,1388357533515,20.134108,1,1388,3.4020712,19.840359,19.7081,0.16372956,0.2355,33.9286076,-24.0986852,0.63,t17_f5_c3,0.9881414,19.514,0.2544,249120235,True,False,False,bulk_1.0.0,0.0,0
8,ztf,59142.35753470007,1388357533515025002,2,1388357533515,20.134108,1,1388,3.4020712,19.840359,19.7081,0.16372956,0.2355,33.9286076,-24.0986852,0.63,t17_f5_c3,0.9881414,19.514,0.2544,249120235,True,False,False,bulk_1.0.0,0.0,0
