,tid,mjd,candid,fid,pid,diffmaglim,isdiffpos,nid,distnr,magpsf,magpsf_corr,magap,sigmapsf,sigmapsf_corr,sigmapsf_corr_ext,sigmagap,ra,dec,rb,rbversion,drb,magapbig,sigmagapbig,rfid,has_stamp,corrected,dubious,step_id_corr,phase,parent_candid
0,ztf,58954.263761600014,1200263765815015001,2,1200263765815,20.560818,1,1200,0.39964113,19.54344,17.823694,19.7141,0.12653948,100.0,0.025961366,0.1972,194.2288501,28.9615208,0.9728571,t17_f5_c3,0.99859256,19.668,0.2364,626120258.0,False,True,False,bulk_1.0.0,0.0,1208277125815015000
1,ztf,58954.29490739992,1200294905815015001,1,1200294905815,20.833504,1,1200,0.77237093,20.164331,18.690136,20.1261,0.20690455,0.016777875,0.05322209,0.2145,194.2289389,28.9615027,0.95285714,t17_f5_c3,0.999972,19.985,0.237,626120158.0,False,True,False,bulk_1.0.0,0.0,1208277125815015000
2,ztf,58955.263680600096,1201263685815015000,2,1201263685815,20.681879,1,1201,0.14583822,19.709442,17.855743,19.5724,0.14612971,100.0,0.026500816,0.1609,194.2288413,28.9615988,0.95857143,t17_f5_c3,0.99996746,19.6165,0.2087,626120258.0,False,True,False,bulk_1.0.0,0.0,1208277125815015000
3,ztf,58955.298750000075,1201298755815015000,1,1201298755815,20.795403,1,1201,0.6829575,20.148525,18.686049,20.1434,0.1979426,0.010822932,0.051469326,0.2227,194.2289028,28.9614972,0.94857144,t17_f5_c3,0.99989206,20.3913,0.3514,626120158.0,False,True,False,bulk_1.0.0,0.0,1208277125815015000
4,ztf,58962.234780100174,1208234785815015001,1,1208234785815,20.8233,1,1208,0.535822,20.5973,18.7861,20.7583,0.245305,100.0,0.04626225,0.3862,194.2288848,28.9615686,0.868571,t17_f5_c3,,20.7703,0.4922,,False,True,False,bulk_1.0.0,0.0,1208277125815015000
5,ztf,58962.277129599825,1208277125815015000,2,1208277125815,20.59379,1,1208,0.36594486,19.856388,17.880959,20.1878,0.15512621,100.0,0.025148576,0.295,194.2289016,28.9615675,0.9114286,t17_f5_c3,0.9999013,20.1676,0.3625,626120258.0,False,True,False,bulk_1.0.0,0.0,1210290545815015001
6,ztf,58964.29054399999,1210290545815015001,2,1210290545815,20.708899,1,1210,0.35211983,19.88669,17.885815,19.8781,0.1488863,100.0,0.023577852,0.2087,194.2288203,28.9615207,0.9557143,t17_f5_c3,0.99907756,19.8723,0.2585,626120258.0,False,True,False,bulk_1.0.0,0.0,1211289435815015000
7,ztf,58965.28943290003,1211289435815015000,2,1211289435815,20.664211,1,1211,0.17209493,19.748936,17.8628,19.6449,0.12295574,100.0,0.021641864,0.1722,194.2287829,28.9615784,0.9714286,t17_f5_c3,0.99953616,19.5879,0.2036,626120258.0,True,True,False,bulk_1.0.0,0.0,0
