,tid,mjd,candid,fid,pid,diffmaglim,isdiffpos,nid,distnr,magpsf,magpsf_corr,magap,sigmapsf,sigmapsf_corr,sigmapsf_corr_ext,sigmagap,ra,dec,rb,rbversion,magapbig,sigmagapbig,has_stamp,corrected,dubious,step_id_corr,phase,parent_candid,drb,rfid
0,ztf,59134.29078700021,1380290781515015012,1,1380290781515,20.4576,1,1380,0.984797,20.8778,19.688177,20.7602,0.286689,0.0891132,0.095843345,0.4845,16.5859437,-13.2129664,0.642857,t17_f5_c3,20.5999,0.535,False,True,False,bulk_1.0.0,0.0,1382349091515015014,,
1,ztf,59136.349097200204,1382349091515015014,1,1382349091515,20.55084,1,1382,1.2214876,20.3103,19.463837,20.3041,0.18210731,0.07842578,0.083510615,0.33,16.5858917,-13.212923,0.82714283,t17_f5_c3,20.0866,0.3459,False,True,False,bulk_1.0.0,0.0,1390315821515015017,0.9999836,347120115.0
2,ztf,59138.253911999986,1384253911515015002,1,1384253911515,20.0243,1,1384,0.893893,20.5423,19.56412,19.9879,0.322477,0.12714955,0.13098662,0.2909,16.5860552,-13.2129091,0.465714,t17_f5_c3,19.7196,0.2909,False,True,False,bulk_1.0.0,0.0,1390315821515015017,,
3,ztf,59138.29608799983,1384296081515015011,2,1384296081515,20.2065,1,1384,0.630621,20.3092,19.199633,19.9245,0.26017,0.08595828,0.093633235,0.3035,16.5860706,-13.21294,0.752857,t17_f5_c3,19.9691,0.4044,False,True,False,bulk_1.0.0,0.0,1390315821515015017,,
4,ztf,59140.26853010012,1386268531515015010,2,1386268531515,20.3417,1,1386,0.734857,20.4412,19.245312,20.6946,0.25511,0.07543799,0.08479533,0.5869,16.5859265,-13.2130494,0.798571,t17_f5_c3,20.4718,0.6123,False,True,False,bulk_1.0.0,0.0,1390315821515015017,,
5,ztf,59144.315821799915,1390315821515015017,1,1390315821515,20.716686,1,1390,1.3028361,20.025442,19.323887,19.9858,0.16231203,0.08123435,0.085060686,0.1795,16.5859029,-13.2128761,0.8442857,t17_f5_c3,19.7651,0.1866,True,True,False,bulk_1.0.0,0.0,0,0.9996798,347120115.0
