,tid,mjd,candid,fid,pid,diffmaglim,isdiffpos,nid,distnr,magpsf,magap,sigmapsf,sigmagap,ra,dec,rb,rbversion,drb,magapbig,sigmagapbig,rfid,has_stamp,corrected,dubious,step_id_corr,phase,parent_candid
0,ztf,59095.27289350005,1341272890115015008,1,1341272890115,18.337103,1,1341,6.9293647,18.132505,17.8481,0.14005509,0.1974,334.2756571,-26.6441746,0.5,t17_f5_c3,0.99773306,17.7989,0.2424,290120101,False,False,False,bulk_1.0.0,0.0,1345356550115015006
1,ztf,59095.356030100025,1341356030115015001,2,1341356030115,18.461428,1,1341,5.582428,18.259804,17.887,0.19719122,0.2028,334.2757337,-26.644183,0.45142856,t17_f5_c3,0.99905354,17.9733,0.282,290120201,False,False,False,bulk_1.0.0,0.0,1345356550115015006
2,ztf,59099.3565508998,1345356550115015006,1,1345356550115,19.122885,1,1345,7.090803,18.402155,18.4001,0.12798043,0.1746,334.2758069,-26.6441988,0.8414286,t17_f5_c3,0.99997115,18.3136,0.2067,290120101,True,False,False,bulk_1.0.0,0.0,0
