,tid,mjd,candid,fid,pid,diffmaglim,isdiffpos,nid,distnr,magpsf,magpsf_corr,magap,sigmapsf,sigmapsf_corr,sigmapsf_corr_ext,sigmagap,ra,dec,rb,rbversion,drb,magapbig,sigmagapbig,rfid,has_stamp,corrected,dubious,step_id_corr,phase,parent_candid
0,ztf,58954.26656250004,1200266561515015006,2,1200266561515,20.605452,1,1200,1.2024387,19.726614,18.829199,19.5817,0.13353612,0.03983484,0.058429547,0.167,201.0560001,30.0134114,0.9285714,t17_f5_c3,0.99999964,19.4361,0.186,674120215,False,True,False,bulk_1.0.0,0.0,1208342281515015010
1,ztf,58956.244907400105,1202244901515015006,1,1202244901515,20.834785,1,1202,1.0981085,19.717497,19.116796,19.5948,0.112313226,0.057974335,0.064587824,0.1348,201.0560187,30.013377,0.9257143,t17_f5_c3,0.9999973,19.5072,0.1581,674120115,False,True,False,bulk_1.0.0,0.0,1208342281515015010
2,ztf,58956.30891200015,1202308911515015005,2,1202308911515,20.610481,1,1202,1.0206444,19.803572,18.862204,19.4857,0.12400006,0.027805334,0.052104384,0.1526,201.0560564,30.0133673,0.85,t17_f5_c3,0.9999877,19.7166,0.2396,674120215,False,True,False,bulk_1.0.0,0.0,1208342281515015010
3,ztf,58962.3422801001,1208342281515015010,1,1208342281515,20.694174,1,1208,1.0275619,20.19699,19.366297,20.4495,0.1674274,0.06917568,0.07790218,0.311,201.0560448,30.0133564,0.91571426,t17_f5_c3,0.9999958,20.2218,0.3222,674120115,True,True,False,bulk_1.0.0,0.0,0
