,tid,mjd,candid,fid,pid,diffmaglim,isdiffpos,nid,distnr,magpsf,magpsf_corr,magap,sigmapsf,sigmapsf_corr,sigmapsf_corr_ext,sigmagap,ra,dec,rb,rbversion,drb,magapbig,sigmagapbig,rfid,has_stamp,corrected,dubious,step_id_corr,phase,parent_candid
0,ztf,59139.20939810015,1385209395915015011,1,1385209395915,20.270388,1,1385,0.2883512,20.109495,19.648527,20.5943,0.20159407,0.130473,0.13185307,0.4677,8.248388,-14.8791503,0.9114286,t17_f5_c3,0.9999703,20.3924,0.4977,295120159.0,False,True,False,bulk_1.0.0,0.0,1387294145915015020
1,ztf,59141.29414349981,1387294145915015020,1,1387294145915,20.600075,1,1387,0.5117657,20.1533,19.676975,20.1872,0.15997374,0.10129595,0.1031619,0.2651,8.2484435,-14.8792074,0.85571426,t17_f5_c3,0.9999899,20.0629,0.3024,295120159.0,False,True,False,bulk_1.0.0,0.0,1389357475915015010
2,ztf,59143.357476899866,1389357475915015010,1,1389357475915,20.514214,1,1389,0.5458892,20.179531,19.693819,19.9613,0.16889726,0.106140725,0.107978635,0.2145,8.2484613,-14.8791121,0.85142857,t17_f5_c3,0.9999837,20.0846,0.3067,295120159.0,False,True,False,bulk_1.0.0,0.0,1391350525915015011
3,ztf,59145.27300930023,1391273005915015010,1,1391273005915,20.695538,1,1391,0.4031051,20.006882,19.580326,19.9669,0.13941033,0.092406176,0.09411797,0.1922,8.2484206,-14.8791268,0.9285714,t17_f5_c3,0.99999994,19.9875,0.2499,295120159.0,False,True,False,bulk_1.0.0,0.0,1391350525915015011
4,ztf,59145.35052079987,1391350525915015011,2,1391350525915,20.468622,1,1391,0.8000937,19.939247,19.128572,19.8767,0.15331161,0.06773396,0.07266166,0.2319,8.2485059,-14.8790774,0.8757143,t17_f5_c3,0.99996436,20.0383,0.3433,295120259.0,False,True,False,bulk_1.0.0,0.0,1414146065915015006
5,ztf,59152.21239579981,1398212395915015001,2,1398212395915,19.2016,1,1398,1.00596,19.6036,18.956541,19.4693,0.209895,0.11345928,0.11565872,0.4592,8.2485243,-14.8790039,0.741429,t17_f5_c3,,19.3016,0.5055,,False,True,False,bulk_1.0.0,0.0,1414146065915015006
6,ztf,59156.275925899856,1402275925915015009,2,1402275925915,19.8004,1,1402,1.11487,20.268,19.272087,19.831,0.29513,0.1140519,0.11793647,0.3905,8.2484473,-14.8789096,0.585714,t17_f5_c3,,20.0238,0.5984,,False,True,False,bulk_1.0.0,0.0,1414146065915015006
7,ztf,59168.14606480021,1414146065915015006,2,1414146065915,20.116144,1,1414,0.64840585,20.352562,19.305092,20.6207,0.1902339,0.0655566,0.07249368,0.5738,8.2484276,-14.8790527,0.81,t17_f5_c3,0.9996803,20.206,0.5027,295120259.0,True,True,False,bulk_1.0.0,0.0,0
