,tid,mjd,candid,fid,pid,diffmaglim,isdiffpos,nid,distnr,magpsf,magap,sigmapsf,sigmagap,ra,dec,rb,rbversion,magapbig,sigmagapbig,has_stamp,corrected,dubious,step_id_corr,phase,parent_candid,drb,rfid
0,ztf,58872.30512729986,1118305123515015117,2,1118305123515,19.134,1,1118,7.15769,18.9283,18.4853,0.189762,0.1944,142.638102,48.1103353,0.422857,t17_f5_c3,18.3761,0.2254,False,False,False,bulk_1.0.0,0.0,1123236643515015030,,
1,ztf,58877.23664350016,1123236643515015030,1,1123236643515,20.233511,1,1123,9.937356,19.69374,19.5913,0.16925354,0.1595,142.6386256,48.1102849,0.56,t17_f5_c3,19.7489,0.2355,True,False,False,bulk_1.0.0,0.0,0,0.9996314,750120135.0
2,ztf,58877.23893520003,1123238933515015044,1,1123238933515,20.206345,1,1123,9.536822,19.68261,19.8132,0.15999195,0.1964,142.6385523,48.1103995,0.5928571,t17_f5_c3,20.1873,0.3539,True,False,False,bulk_1.0.0,0.0,0,0.9964038,750120135.0
