,tid,mjd,candid,fid,pid,diffmaglim,isdiffpos,nid,distnr,magpsf,magap,sigmapsf,sigmagap,ra,dec,rb,rbversion,magapbig,sigmagapbig,has_stamp,corrected,dubious,step_id_corr,phase,parent_candid,drb,rfid
0,ztf,58851.54050929984,1097540503515015000,1,1097540503515,19.7763,1,1097,7.23785,19.8703,19.5683,0.243479,0.2424,175.4962872,55.7297178,0.428571,t17_f5_c3,19.9153,0.4271,False,False,False,bulk_1.0.0,0.0,1124325473515015000,,
1,ztf,58863.43488429999,1109434883515015000,1,1109434883515,19.89748,1,1109,7.1971545,19.971441,19.8456,0.1834865,0.3532,175.4969847,55.7296563,0.6785714,t17_f5_c3,19.4062,0.3032,False,False,False,bulk_1.0.0,0.0,1124325473515015000,0.9965619,788120135.0
2,ztf,58877.38836809993,1123388363515015002,1,1123388363515,20.545723,1,1123,7.245741,19.901794,19.9938,0.15599984,0.1933,175.4971687,55.7295113,0.7242857,t17_f5_c3,20.2864,0.3241,False,False,False,bulk_1.0.0,0.0,1126431013515015000,0.9998311,788120135.0
3,ztf,58877.389270800166,1123389273515015000,1,1123389273515,20.50293,1,1123,7.439663,19.940228,19.9117,0.17845067,0.1815,175.4968283,55.7296562,0.5914286,t17_f5_c3,20.1004,0.2764,False,False,False,bulk_1.0.0,0.0,1126431013515015000,0.9998871,788120135.0
4,ztf,58878.32547450019,1124325473515015000,2,1124325473515,19.910608,1,1124,7.8777666,19.326029,19.3399,0.14569043,0.1472,175.4967643,55.7294759,0.5557143,t17_f5_c3,19.3412,0.1889,True,False,False,bulk_1.0.0,0.0,0,0.9977155,788120235.0
5,ztf,58880.43005790003,1126430053515015000,1,1126430053515,20.7365,1,1126,6.19861,20.1631,19.7785,0.229666,0.1589,175.4973229,55.7298726,0.398571,t17_f5_c3,19.7538,0.199,False,False,False,bulk_1.0.0,0.0,1126431013515015000,,
6,ztf,58880.43101850012,1126431013515015000,1,1126431013515,20.656313,1,1126,6.5602593,19.91831,20.0094,0.16145168,0.1988,175.4971245,55.7298559,0.73714286,t17_f5_c3,20.0424,0.2627,True,False,False,bulk_1.0.0,0.0,0,0.9999924,788120135.0
