,tid,mjd,candid,fid,pid,diffmaglim,isdiffpos,nid,distnr,magpsf,magpsf_corr,magap,sigmapsf,sigmapsf_corr,sigmapsf_corr_ext,sigmagap,ra,dec,rb,rbversion,drb,magapbig,sigmagapbig,rfid,has_stamp,corrected,dubious,step_id_corr,phase,parent_candid
0,ztf,58504.25737270014,750257373615015067,2,750257373615,19.676884,1,750,0.40279284,18.999353,16.487875,19.3706,0.15758371,100.0,0.015592638,0.2178,103.2074912,34.4520131,0.5757143,t15_f5_c3,0.0,19.5264,0.3157,661120236,True,True,False,bulk_1.0.0,0.0,0.0
1,ztf,58849.47937500011,1095479373615015053,1,1095479373615,20.26354,1,1095,1.2087623,19.669949,17.837076,19.4449,0.15164177,0.020841235,0.028033014,0.1685,103.2071428,34.451692,0.28285715,t17_f5_c3,0.00100505,19.2489,0.1783,661120136,False,True,False,bulk_1.0.0,0.0,1.096454273615015e+18
2,ztf,58850.45427080011,1096454273615015083,2,1096454273615,19.838932,1,1096,1.0233204,19.357632,16.518497,19.7963,0.10189474,100.0,0.0074558654,0.2961,103.2072754,34.4516586,0.4942857,t17_f5_c3,0.00952262,19.7127,0.3439,661120236,True,True,False,bulk_1.0.0,0.0,0.0
3,ztf,59439.498078700155,1685498073615015012,2,1685498073615,19.41304,1,1685,1.2083209,18.744722,16.459845,19.1149,0.17219035,0.011500289,0.02099218,0.2706,103.2075863,34.4515836,0.48285714,t17_f5_c3,0.00534272,18.6561,0.2256,661120236,True,True,False,correction_1.0.6,0.0,
