,tid,mjd,candid,fid,pid,diffmaglim,isdiffpos,nid,distnr,magpsf,magap,sigmapsf,sigmagap,ra,dec,rb,rbversion,drb,magapbig,sigmagapbig,rfid,has_stamp,corrected,dubious,step_id_corr,phase,parent_candid
0,ztf,58863.41612270009,1109416124415015002,1,1109416124415,19.727753,1,1109,14.400357,19.313337,19.2705,0.14912854,0.2206,217.9043631,77.3892376,0.7,t17_f5_c3,0.9986506,19.2559,0.2792,863120144,False,False,False,bulk_1.0.0,0.0,1110445354415015004
1,ztf,58863.431539400015,1109431533215015008,1,1109431533215,19.555105,1,1109,9.702798,19.224842,19.1877,0.1675023,0.2199,217.9046203,77.3892671,0.6942857,t17_f5_c3,0.99984205,19.3344,0.3231,862120132,False,False,False,bulk_1.0.0,0.0,1110445354415015004
2,ztf,58863.554166700225,1109554163215015006,2,1109554163215,20.189926,1,1109,4.0040984,19.49374,19.239,0.12785596,0.1722,217.9040977,77.3892254,0.65,t17_f5_c3,0.99975026,19.2472,0.2221,862120232,False,False,False,bulk_1.0.0,0.0,1110445354415015004
3,ztf,58864.349919000175,1110349913215015010,2,1110349913215,20.168987,1,1110,3.737478,19.944868,20.2713,0.18964963,0.4343,217.9045177,77.38929,0.73571426,t17_f5_c3,0.9997751,20.0605,0.4594,862120232,False,False,False,bulk_1.0.0,0.0,1110445354415015004
4,ztf,58864.43072920013,1110430723215015005,1,1110430723215,20.040203,1,1110,9.754957,19.674503,19.7502,0.14107428,0.2912,217.9040155,77.3892158,0.8257143,t17_f5_c3,0.9999932,20.0373,0.4865,862120132,False,False,False,bulk_1.0.0,0.0,1110445354415015004
5,ztf,58864.44535879977,1110445354415015004,1,1110445354415,20.170422,1,1110,14.246835,19.6357,19.8741,0.15991285,0.298,217.9046409,77.3892946,0.76857144,t17_f5_c3,0.9999898,19.8001,0.3569,863120144,True,False,False,bulk_1.0.0,0.0,0
