,tid,mjd,candid,fid,pid,diffmaglim,isdiffpos,nid,distnr,magpsf,magpsf_corr,magap,sigmapsf,sigmapsf_corr,sigmapsf_corr_ext,sigmagap,ra,dec,rb,rbversion,drb,magapbig,sigmagapbig,rfid,has_stamp,corrected,dubious,step_id_corr,phase,parent_candid
0,ztf,59033.36519679986,1279365195415015002,2,1279365195415,19.553192,1,1279,0.6763616,18.230835,18.198742,17.9931,0.07680922,0.0742652,0.074572,0.0919,30.595674,86.3579135,0.7657143,t17_f5_c3,0.9997911,17.9231,0.1103,869120254,False,True,False,bulk_1.0.0,0.0,1281455135415015001
1,ztf,59034.37006939994,1280370065415015001,2,1280370065415,19.406515,1,1280,0.5887705,18.081976,18.053942,18.0364,0.069228895,0.06720453,0.067464225,0.1077,30.5960885,86.3579448,0.93142855,t17_f5_c3,0.99998367,18.0901,0.1451,869120254,False,True,False,bulk_1.0.0,0.0,1281455135415015001
2,ztf,59034.48381939996,1280483815415015000,1,1280483815415,19.274862,1,1280,0.7232017,18.55304,18.523699,18.4189,0.11971075,0.116194494,0.116519116,0.1793,30.5959286,86.3579342,0.85,t17_f5_c3,0.9999939,18.2888,0.2043,869120154,False,True,False,bulk_1.0.0,0.0,1281455135415015001
3,ztf,59035.45513889985,1281455135415015001,1,1281455135415,19.249426,1,1281,0.5685858,19.14294,19.092907,18.8353,0.2091487,0.19918905,0.19972941,0.2806,30.596779,86.3580293,0.48714286,t17_f5_c3,0.89275575,18.7264,0.3261,869120154,True,True,False,bulk_1.0.0,0.0,0
