,tid,mjd,candid,fid,pid,diffmaglim,isdiffpos,nid,distnr,magpsf,magpsf_corr,magap,sigmapsf,sigmapsf_corr,sigmapsf_corr_ext,sigmagap,ra,dec,rb,rbversion,drb,magapbig,sigmagapbig,rfid,has_stamp,corrected,dubious,step_id_corr,phase,parent_candid
0,ztf,58999.43512730021,1245435120615015009,1,1245435120615,17.400248,1,1245,0.23411635,14.150906,13.11433,14.1654,0.026086157,0.00837728,0.010041069,0.0137,18.2977632,84.3982248,0.50142854,t17_f5_c3,0.31238613,14.1228,0.0156,880120106.0,True,True,False,bulk_1.0.0,0.0,0.0
1,ztf,58999.43512730021,1245435120615025009,1,1245435120615,17.4002,1,1245,0.234116,14.1509,13.114328,14.1654,0.026086,0.008377254,0.010041041,0.0137,18.2977632,84.3982248,0.501429,t17_f5_c3,,14.1228,0.0156,,False,True,False,bulk_1.0.0,0.0,1.245481120615015e+18
2,ztf,58999.48112270003,1245481120615015016,2,1245481120615,17.161335,1,1245,0.9798703,15.267434,12.939667,15.1753,0.050840132,100.0,0.005957991,0.0423,18.295679,84.3981112,0.4857143,t17_f5_c3,0.59387267,15.123,0.0497,880120206.0,True,True,False,bulk_1.0.0,0.0,0.0
3,ztf,59110.314421299845,1356314424315010014,1,1356314424315,18.963501,-1,1356,0.81312776,15.828979,13.751445,16.1556,0.12709472,0.011366064,0.01875486,0.0373,18.2968639,84.3980936,0.46,t17_f5_c3,0.00666741,16.1725,0.0438,869120143.0,True,True,False,bulk_1.0.0,0.0,0.0
4,ztf,59417.3604282001,1663360424315010015,1,1663360424315,16.144604,-1,1663,0.12720801,15.273664,13.864071,15.3201,0.085614085,0.016504887,0.02337265,0.1928,18.2978142,84.398267,0.6085714,t17_f5_c3,0.17329517,15.1896,0.2194,869120143.0,True,True,False,correction_1.0.6,0.0,
5,ztf,59438.33195600007,1684331950615015009,2,1684331950615,15.324877,1,1684,0.0747025,12.727514,12.13484,12.7275,0.03969856,0.021858705,0.022998784,0.0375,18.2978592,84.3982627,0.6185714,t17_f5_c3,0.48699018,12.7105,0.0467,880120206.0,True,True,False,correction_1.0.6,0.0,
6,ztf,59440.389953699894,1686389954315010052,2,1686389954315,16.831728,-1,1686,0.0496676,14.044638,13.643377,14.0424,0.035453245,100.0,0.024499191,0.0322,18.2982276,84.3982757,0.5742857,t17_f5_c3,0.9994879,14.0461,0.0409,869120243.0,True,True,False,correction_1.0.6,0.0,
7,ztf,59775.435046299826,2021435040615015018,2,2021435040615,17.181553,1,2021,0.15306403,12.511406,12.004462,12.5229,0.008792349,100.0,0.005512229,0.0051,18.2981297,84.3983193,0.5385714,t17_f5_c3,0.946359,12.5088,0.0062,880120206.0,True,True,False,dev,0.0,
