,tid,mjd,candid,fid,pid,diffmaglim,isdiffpos,nid,distnr,magpsf,magap,sigmapsf,sigmagap,ra,dec,rb,rbversion,drb,magapbig,sigmagapbig,rfid,has_stamp,corrected,dubious,step_id_corr,phase,parent_candid
0,ztf,59165.3333101999,1411333314715015006,2,1411333314715,20.454433,1,1411,6.29897,19.857347,20.1672,0.14859363,0.3255,41.6313956,-16.8242298,0.75,t17_f5_c3,0.9999943,20.3485,0.4882,300120247.0,False,False,False,bulk_1.0.0,0.0,1422293464715015009
1,ztf,59167.32015050016,1413320154715015011,2,1413320154715,19.87768,1,1413,5.4074135,19.826094,19.8943,0.20938765,0.2862,41.6314948,-16.8244634,0.43571427,t17_f5_c3,0.98127973,19.8501,0.3525,300120247.0,False,False,False,bulk_1.0.0,0.0,1422293464715015009
2,ztf,59168.25173609983,1414251734715015019,1,1414251734715,20.505083,1,1414,2.5209384,20.0526,20.0706,0.137923,0.266,41.6313997,-16.8242174,0.85,t17_f5_c3,0.99998915,20.1007,0.3482,300120147.0,False,False,False,bulk_1.0.0,0.0,1422293464715015009
3,ztf,59168.277361100074,1414277364715015009,2,1414277364715,20.257736,1,1414,6.2904243,19.632889,19.8709,0.13700758,0.2885,41.6314818,-16.824189,0.87,t17_f5_c3,0.99996805,19.6877,0.31,300120247.0,False,False,False,bulk_1.0.0,0.0,1422293464715015009
4,ztf,59170.242337999865,1416242334715015014,1,1416242334715,20.434637,1,1416,2.6571896,20.139833,20.4287,0.17935543,0.3793,41.6313567,-16.8242601,0.7985714,t17_f5_c3,0.9999822,20.232,0.404,300120147.0,False,False,False,bulk_1.0.0,0.0,1422293464715015009
5,ztf,59170.284872699995,1416284874715015007,2,1416284874715,20.200453,1,1416,6.2728777,19.63624,19.5579,0.1590744,0.2124,41.6314044,-16.8242336,0.79,t17_f5_c3,0.99995065,19.4676,0.2489,300120247.0,False,False,False,bulk_1.0.0,0.0,1422293464715015009
6,ztf,59172.23839120008,1418238394715015004,1,1418238394715,20.4263,1,1418,2.20989,20.3895,20.4042,0.218484,0.3529,41.6315041,-16.8241464,0.65,t17_f5_c3,,20.2232,0.3805,,False,False,False,bulk_1.0.0,0.0,1422293464715015009
7,ztf,59176.29346060008,1422293464715015009,2,1422293464715,19.9414,1,1422,6.2114906,20.012266,19.9883,0.19468573,0.3844,41.6313567,-16.8242785,0.61285716,t17_f5_c3,0.9999299,19.8955,0.4514,300120247.0,False,False,False,bulk_1.0.0,0.0,1424252954715015013
8,ztf,59178.25295139989,1424252954715015013,2,1424252954715,19.98148,1,1424,6.301945,19.763128,19.9085,0.17108397,0.4083,41.6314509,-16.8242019,0.7,t17_f5_c3,0.99997675,19.6677,0.4184,300120247.0,True,False,False,bulk_1.0.0,0.0,0
