,tid,mjd,candid,fid,pid,diffmaglim,isdiffpos,nid,distnr,magpsf,magpsf_corr,magap,sigmapsf,sigmapsf_corr,sigmapsf_corr_ext,sigmagap,ra,dec,rb,rbversion,drb,magapbig,sigmagapbig,rfid,has_stamp,corrected,dubious,step_id_corr,phase,parent_candid
0,ztf,59170.42530089989,1416425300515015004,1,1416425300515,20.105713,1,1416,0.40686825,19.942612,18.506596,20.2659,0.18623327,0.040013615,0.049619295,0.4051,65.9845457,-19.4718315,0.9,t17_f5_c3,0.9999434,20.1695,0.4731,303120105.0,False,True,False,bulk_1.0.0,0.0,1425348250515015005
1,ztf,59172.29487269977,1418294870515015003,1,1418294870515,20.16047,1,1418,0.4082037,19.705551,18.438208,19.6711,0.187232,0.0513447,0.058269672,0.2032,65.9845787,-19.4718622,0.8542857,t17_f5_c3,0.9990502,19.4842,0.2177,303120105.0,False,True,False,bulk_1.0.0,0.0,1436180970515015003
2,ztf,59176.31752309995,1422317520515015001,2,1422317520515,19.851364,1,1422,0.35574108,19.600168,17.833487,19.5863,0.19018486,100.0,0.03736826,0.2697,65.9845924,-19.4718915,0.93,t17_f5_c3,0.9998591,19.7685,0.4058,303120205.0,False,True,False,bulk_1.0.0,0.0,1436180970515015003
3,ztf,59176.373402799945,1422373400515015003,1,1422373400515,20.216686,1,1422,0.287218,19.546484,18.38616,19.6815,0.13838269,0.039613884,0.047528315,0.2014,65.9846047,-19.4718366,0.9042857,t17_f5_c3,0.99995816,19.7153,0.2639,303120105.0,False,True,False,bulk_1.0.0,0.0,1436180970515015003
4,ztf,59179.27314809989,1425273140515015002,1,1425273140515,19.343,1,1425,0.724773,19.4809,18.363186,19.2221,0.227593,0.0771237,0.08129678,0.2752,65.9844846,-19.4719046,0.395714,t17_f5_c3,,18.7684,0.2326,,False,True,False,bulk_1.0.0,0.0,1436180970515015003
5,ztf,59179.34825230017,1425348250515015005,2,1425348250515,19.483881,1,1425,0.0235341,19.35784,17.781408,19.2758,0.21554017,0.023938596,0.050461024,0.2605,65.984652,-19.4718164,0.82857144,t17_f5_c3,0.9964769,19.2928,0.3382,303120205.0,False,True,False,bulk_1.0.0,0.0,1436180970515015003
6,ztf,59181.30094909994,1427300940515015002,2,1427300940515,19.233,1,1427,0.927957,19.408,17.792946,19.4269,0.250897,0.034606747,0.056685723,0.398,65.9844758,-19.4720094,0.878571,t17_f5_c3,,19.4056,0.5003,,False,True,False,bulk_1.0.0,0.0,1436180970515015003
7,ztf,59190.18097219989,1436180970515015003,2,1436180970515,19.915817,1,1436,0.46758968,19.898252,17.88595,20.596,0.21663854,100.0,0.033948034,0.6776,65.9845433,-19.4717374,0.8157143,t17_f5_c3,0.9999887,19.9486,0.4759,303120205.0,True,True,False,bulk_1.0.0,0.0,0
