,tid,mjd,candid,fid,pid,diffmaglim,isdiffpos,nid,distnr,magpsf,magpsf_corr,magap,sigmapsf,sigmapsf_corr,sigmapsf_corr_ext,sigmagap,ra,dec,rb,rbversion,drb,magapbig,sigmagapbig,rfid,has_stamp,corrected,dubious,step_id_corr,phase,parent_candid
0,ztf,59138.3154397998,1384315436215015000,2,1384315436215,20.228329,1,1384,0.76921934,20.408834,20.296381,20.15,0.19863527,0.17792961,0.17909147,0.3371,26.9825623,0.1728114,0.5985714,t17_f5_c3,0.99880725,19.938,0.3562,400120262.0,False,True,False,bulk_1.0.0,0.0,1390339736215015000
1,ztf,59138.36089120014,1384360896215015002,1,1384360896215,20.314,1,1384,8.85355,20.695,,21.0419,0.330827,,,0.6016,26.9825792,0.1729175,0.367143,t17_f5_c3,,20.7276,0.5785,,False,False,False,bulk_1.0.0,0.0,1390339736215015000
2,ztf,59142.28575230017,1388285756215015000,2,1388285756215,20.456196,1,1388,0.72681665,20.517687,20.394026,20.2308,0.18609117,0.16455671,0.16605861,0.3333,26.9825654,0.1728229,0.6457143,t17_f5_c3,0.99888754,20.4958,0.5449,400120262.0,True,True,False,bulk_1.0.0,0.0,0
3,ztf,59142.28575230017,1388285756215025000,2,1388285756215,20.456196,1,1388,0.72681665,20.517687,20.394026,20.2308,0.18609117,0.16455671,0.16605861,0.3333,26.9825654,0.1728229,0.6457143,t17_f5_c3,0.99888754,20.4958,0.5449,400120262.0,False,True,False,bulk_1.0.0,0.0,1390339736215015000
4,ztf,59142.38379629981,1388383796215025000,1,1388383796215,20.6116,1,1388,9.50006,20.6536,,20.3871,0.217793,,,0.2975,26.9825292,0.1727419,0.322857,t17_f5_c3,,20.147,0.3058,,False,False,False,bulk_1.0.0,0.0,1390339736215015000
5,ztf,59144.23785880022,1390237856215015000,2,1390237856215,20.576,1,1390,0.803869,20.6159,20.48123,21.1078,0.236252,0.20729105,0.20869273,0.7035,26.9824822,0.1728327,0.498571,t17_f5_c3,,20.8265,0.6969,,False,True,False,bulk_1.0.0,0.0,1390339736215015000
6,ztf,59144.33973379992,1390339736215015000,1,1390339736215,20.86868,1,1390,8.963266,20.63443,,20.5983,0.16863635,,,0.3084,26.982544,0.1728944,0.76714283,t17_f5_c3,0.9998958,20.5732,0.3859,400120162.0,True,False,False,bulk_1.0.0,0.0,0
