,tid,mjd,candid,fid,pid,diffmaglim,isdiffpos,nid,distnr,magpsf,magpsf_corr,magap,sigmapsf,sigmapsf_corr,sigmapsf_corr_ext,sigmagap,ra,dec,rb,rbversion,magapbig,sigmagapbig,has_stamp,corrected,dubious,step_id_corr,phase,parent_candid,drb,rfid
0,ztf,59170.4276389,1416427635215015004,1,1416427635215,20.4615,1,1416,0.412347,20.6237,19.23708,20.735,0.295615,0.05815756,0.082428806,0.4754,76.9088704,8.2187928,0.838571,t17_f5_c3,20.3119,0.4104,False,True,False,bulk_1.0.0,0.0,1422340965215015002,,
1,ztf,59171.40569439996,1417405691015015018,1,1417405691015,20.701456,1,1417,0.63381255,20.465157,19.152203,20.8808,0.1812238,0.017365243,0.054079663,0.44,76.908873,8.2187399,0.9142857,t17_f5_c3,20.8035,0.5193,False,True,False,bulk_1.0.0,0.0,1422368261015015025,0.9999981,510120110.0
2,ztf,59172.319594900124,1418319595215015002,1,1418319595215,20.6471,1,1418,0.307201,20.7589,19.273119,20.512,0.230781,100.0,0.058733724,0.3344,76.9088873,8.21882,0.815714,t17_f5_c3,20.6043,0.4622,False,True,False,bulk_1.0.0,0.0,1422340965215015002,,
3,ztf,59174.40615739999,1420406155215015000,1,1420406155215,20.4534,1,1420,0.677891,20.4726,19.192791,20.7627,0.253943,0.054399155,0.07812905,0.5338,76.9088958,8.2187171,0.81,t17_f5_c3,20.5886,0.5796,False,True,False,bulk_1.0.0,0.0,1422340965215015002,,
4,ztf,59176.34096059995,1422340965215015002,1,1422340965215,20.7065,1,1422,0.7556991,20.240488,19.115957,20.269,0.1865298,0.04067166,0.066211835,0.2688,76.9089388,8.2186986,0.9085714,t17_f5_c3,20.182,0.3147,True,True,False,bulk_1.0.0,0.0,0,0.99998105,457120152.0
5,ztf,59176.368263899814,1422368261015015025,1,1422368261015,20.66396,1,1422,0.7293366,20.429531,19.141449,20.2275,0.1768534,0.018553102,0.05399838,0.2356,76.9089399,8.2187074,0.8585714,t17_f5_c3,20.3221,0.3248,True,True,False,bulk_1.0.0,0.0,0,0.9994092,510120110.0
