,tid,mjd,candid,fid,pid,diffmaglim,isdiffpos,nid,distnr,magpsf,magpsf_corr,magap,sigmapsf,sigmapsf_corr,sigmapsf_corr_ext,sigmagap,ra,dec,rb,rbversion,magapbig,sigmagapbig,has_stamp,corrected,dubious,step_id_corr,phase,parent_candid,drb,rfid
0,ztf,59536.48281250009,1782482815915015005,2,1782482815915,19.8833,1,1782,0.081454,20.3515,19.969482,20.6848,0.311992,0.21806517,0.21945049,0.7845,120.6423923,14.3580975,0.547143,t17_f5_c3,20.5923,0.9259,False,True,False,correction_1.0.6,0.0,1.796378545915015e+18,,
1,ztf,59550.378541700076,1796378545915015009,2,1796378545915,20.542559,1,1796,0.22963175,19.64269,19.427217,19.5124,0.13550761,0.1101064,0.111115426,0.159,120.6424695,14.3581455,0.82,t17_f5_c3,19.3728,0.1794,True,True,False,correction_1.0.6,0.0,,0.9999999,516120259.0
2,ztf,59550.421759299934,1796421755915015010,1,1796421755915,20.759808,1,1796,0.13364974,19.641676,19.472866,19.5001,0.13434514,0.113466375,0.115000136,0.119,120.6424305,14.3581235,0.8357143,t17_f5_c3,19.5635,0.1608,True,True,False,correction_1.0.6,0.0,,0.9999994,516120159.0
