,tid,mjd,candid,fid,pid,diffmaglim,isdiffpos,nid,distnr,magpsf,magpsf_corr,magap,sigmapsf,sigmapsf_corr,sigmapsf_corr_ext,sigmagap,ra,dec,rb,rbversion,drb,magapbig,sigmagapbig,rfid,has_stamp,corrected,dubious,step_id_corr,phase,parent_candid
0,ztf,59423.22424770007,1669224245815015018,1,1669224245815,20.435709,1,1669,0.93212765,20.035454,19.448254,20.1306,0.17907499,0.102852695,0.10426896,0.293,216.2625387,64.2811423,0.80714285,t17_f5_c3,0.9999715,19.6671,0.2446,822120158.0,True,True,False,correction_1.0.6,0.0,
1,ztf,59425.2568518999,1671256855815015011,1,1671256855815,20.315239,1,1671,0.9104977,19.926268,19.383352,20.0499,0.18091466,0.10853287,0.109725416,0.3115,216.2625257,64.281152,0.87857145,t17_f5_c3,0.9999995,19.9247,0.3549,822120158.0,True,True,False,correction_1.0.6,0.0,
2,ztf,59427.216539400164,1673216535815015008,2,1673216535815,20.04158,1,1673,0.5595078,19.549198,18.363966,19.5965,0.16810814,0.037847906,0.056428194,0.2451,216.2623059,64.2810897,0.9728571,t17_f5_c3,0.9999981,19.6535,0.3294,822120258.0,True,True,False,correction_1.0.6,0.0,
3,ztf,59427.2834954001,1673283495815015008,1,1673283495815,20.2081,1,1673,0.951629,19.9246,19.38234,20.1641,0.221638,0.13353622,0.13450548,0.3758,216.262552,64.2811469,0.717143,t17_f5_c3,,20.2696,0.5294,,False,True,False,correction_1.0.6,0.0,1.680238225815015e+18
4,ztf,59429.302766200155,1675302765815015006,1,1675302765815,20.2015,1,1675,1.301,19.9526,19.399246,19.9168,0.217215,0.12945011,0.13048123,0.3012,216.262758,64.2812417,0.695714,t17_f5_c3,,19.8776,0.3716,,False,True,False,correction_1.0.6,0.0,1.680238225815015e+18
5,ztf,59434.19821760012,1680198215815015006,2,1680198215815,20.3665,1,1680,0.686689,20.0915,18.517628,19.8847,0.251847,0.034176517,0.059100065,0.2794,216.2625007,64.2811566,0.705714,t17_f5_c3,,19.687,0.2968,,False,True,False,correction_1.0.6,0.0,1.680238225815015e+18
6,ztf,59434.23822919978,1680238225815015014,1,1680238225815,20.457922,1,1680,0.78385943,20.158424,19.518152,20.2221,0.17934282,0.09775121,0.09944318,0.324,216.2624438,64.2811635,0.88,t17_f5_c3,0.999993,20.2138,0.4107,822120158.0,True,True,False,correction_1.0.6,0.0,
7,ztf,59436.19944440015,1682199445815015008,2,1682199445815,20.315063,1,1682,0.5538227,19.957434,18.484648,19.6798,0.16608205,100.0,0.042776804,0.25,216.2625045,64.2811192,0.9028571,t17_f5_c3,0.9999925,19.8729,0.3799,822120258.0,True,True,False,correction_1.0.6,0.0,
