,tid,mjd,candid,fid,pid,diffmaglim,isdiffpos,nid,distnr,magpsf,magpsf_corr,magap,sigmapsf,sigmapsf_corr,sigmapsf_corr_ext,sigmagap,ra,dec,rb,rbversion,magapbig,sigmagapbig,has_stamp,corrected,dubious,step_id_corr,phase,parent_candid,drb,rfid
0,ztf,59459.4424883998,1705442485415015021,1,1705442485415,20.602,1,1705,0.717485,20.4946,19.370642,19.9357,0.350776,0.114808485,0.124579355,0.2164,44.3824496,13.892757,0.522857,t17_f5_c3,19.9808,0.2877,False,True,False,correction_1.0.6,0.0,1.705474815415015e+18,,
1,ztf,59459.47481480008,1705474815415015026,2,1705474815415,20.731325,1,1705,0.952222,20.335646,18.989159,20.2787,0.15193196,100.0,0.04395966,0.2891,44.3824449,13.8927986,0.7985714,t17_f5_c3,20.5402,0.4679,True,True,False,correction_1.0.6,0.0,,0.99999607,505120254.0
2,ztf,59461.44387729978,1707443875415015023,1,1707443875415,20.7918,1,1707,0.625187,20.6298,19.416754,20.2643,0.306814,0.08677661,0.100382134,0.2522,44.382423,13.8927481,0.645714,t17_f5_c3,20.3681,0.3533,False,True,False,correction_1.0.6,0.0,1.711478695415015e+18,,
3,ztf,59463.44175929995,1709441755415025020,1,1709441755415,20.5819,1,1709,0.833539,20.6551,19.424967,20.3766,0.287916,0.0775457,0.09272834,0.2855,44.3824629,13.8928136,0.571429,t17_f5_c3,20.4768,0.3996,False,True,False,correction_1.0.6,0.0,1.711478695415015e+18,,
4,ztf,59463.46369209979,1709463695415015020,2,1709463695415,20.4369,1,1709,0.93676,20.3995,19.007252,20.0701,0.248614,0.047645856,0.06896458,0.2783,44.3824412,13.8927917,0.72,t17_f5_c3,20.0674,0.3539,False,True,False,correction_1.0.6,0.0,1.711478695415015e+18,,
5,ztf,59465.44113430008,1711441135415015020,1,1711441135415,20.5025,1,1711,0.725389,20.6458,19.421963,20.2418,0.327211,0.093082726,0.10599687,0.2888,44.3824125,13.8928251,0.621429,t17_f5_c3,20.1509,0.3393,False,True,False,correction_1.0.6,0.0,1.711478695415015e+18,,
6,ztf,59465.47869209992,1711478695415015024,2,1711478695415,20.389015,1,1711,0.98046553,20.360254,18.996222,20.6189,0.2108784,0.034182675,0.06003701,0.5133,44.3824142,13.8928491,0.85,t17_f5_c3,20.4713,0.5728,True,True,False,correction_1.0.6,0.0,,0.99998975,505120254.0
