,tid,mjd,candid,fid,pid,diffmaglim,isdiffpos,nid,distnr,magpsf,magpsf_corr,magap,sigmapsf,sigmapsf_corr,sigmapsf_corr_ext,sigmagap,ra,dec,rb,rbversion,magapbig,sigmagapbig,has_stamp,corrected,dubious,step_id_corr,phase,parent_candid,drb,rfid
0,ztf,59425.26184030017,1671261844915015044,1,1671261844915,20.594,1,1671,0.719762,20.3588,19.756695,20.1955,0.252881,0.14347291,0.14523588,0.253,281.6369482,43.9344038,0.284286,t17_f5_c3,19.8648,0.2396,False,True,False,correction_1.0.6,0.0,1.6753104749150152e+18,,
1,ztf,59427.30086810002,1673300864915015041,1,1673300864915,20.6355,1,1673,0.270641,20.2522,19.694199,19.9102,0.241085,0.14261994,0.14420155,0.1842,281.6371114,43.9343503,0.351429,t17_f5_c3,19.9236,0.2388,False,True,False,correction_1.0.6,0.0,1.6753104749150152e+18,,
2,ztf,59427.33130790014,1673331304915015013,2,1673331304915,20.5372,1,1673,0.697526,20.3051,19.266558,20.088,0.219272,0.0665015,0.08424935,0.2723,281.6370131,43.9343913,0.39,t17_f5_c3,19.9526,0.3086,False,True,False,correction_1.0.6,0.0,1.6753104749150152e+18,,
3,ztf,59429.24487269996,1675244874915015019,2,1675244874915,20.3845,1,1675,0.609701,20.043,19.158245,19.6192,0.192972,0.07145707,0.085426465,0.2004,281.6370624,43.9343277,0.321429,t17_f5_c3,19.6688,0.2695,False,True,False,correction_1.0.6,0.0,1.6753104749150152e+18,,
4,ztf,59429.31047450006,1675310474915015050,1,1675310474915,20.686325,1,1675,0.5657265,20.123123,19.615164,19.8696,0.17860328,0.110101216,0.11186803,0.1705,281.6369993,43.9343048,0.29714286,t17_f5_c3,19.7517,0.1958,True,True,False,correction_1.0.6,0.0,,0.9999273,726120149.0
5,ztf,59434.25961809978,1680259614915015074,1,1680259614915,20.660522,1,1680,0.36328945,20.11137,19.607788,19.9619,0.1784338,0.11047598,0.11221331,0.188,281.6370868,43.9343826,0.38428572,t17_f5_c3,19.8738,0.2222,True,True,False,correction_1.0.6,0.0,,0.9999618,726120149.0
6,ztf,59434.34706019983,1680347064915015015,2,1680347064915,20.561935,1,1680,0.75222737,19.928577,19.106098,19.7352,0.16596547,0.06374395,0.07780834,0.195,281.6369949,43.9343551,0.37,t17_f5_c3,19.6827,0.2381,True,True,False,correction_1.0.6,0.0,,0.9998628,726120249.0
