,tid,mjd,candid,fid,pid,diffmaglim,isdiffpos,nid,distnr,magpsf,magpsf_corr,magap,sigmapsf,sigmapsf_corr,sigmapsf_corr_ext,sigmagap,ra,dec,rb,rbversion,magapbig,sigmagapbig,has_stamp,corrected,dubious,step_id_corr,phase,parent_candid,drb,rfid
0,ztf,59446.422615699936,1692422612715015002,1,1692422612715,19.3659,1,1692,1.16695,19.6406,18.30266,19.3352,0.241361,0.058143422,0.07038672,0.3409,336.5764721,2.9150784,0.847143,t17_f5_c3,19.6069,0.5617,False,True,False,correction_1.0.6,0.0,1.699382592715015e+18,,
1,ztf,59453.38259259984,1699382592715015021,1,1699382592715,20.057049,1,1699,1.1063488,19.889994,18.369665,19.6735,0.19763891,0.02436487,0.048723817,0.2825,336.576494,2.9150739,0.92285717,t17_f5_c3,19.699,0.3699,True,True,False,correction_1.0.6,0.0,,0.9995804,495120127.0
2,ztf,59455.31890049996,1701318902715015009,1,1701318902715,20.322933,1,1701,1.3683844,19.978247,18.390766,19.6273,0.19529834,0.014052203,0.045259126,0.2211,336.5764826,2.9151556,0.78571427,t17_f5_c3,19.7324,0.31,True,True,False,correction_1.0.6,0.0,,0.9999143,495120127.0
3,ztf,59459.259455999825,1705259452715015017,2,1705259452715,20.560955,1,1705,1.3019396,19.682661,17.464281,19.7938,0.14781684,100.0,0.019158958,0.2162,336.5764908,2.9151809,0.9085714,t17_f5_c3,19.8821,0.2936,True,True,False,correction_1.0.6,0.0,,0.99999857,495120227.0
4,ztf,59459.2973842998,1705297382715015030,1,1705297382715,20.680843,1,1705,1.8233178,20.258816,,20.3594,0.2134746,,,0.2743,336.5762383,2.9150796,0.7714286,t17_f5_c3,20.4359,0.3721,True,False,True,correction_1.0.6,0.0,,0.9958434,495120127.0
