,tid,mjd,candid,fid,pid,diffmaglim,isdiffpos,nid,distnr,magpsf,magpsf_corr,magap,sigmapsf,sigmapsf_corr,sigmapsf_corr_ext,sigmagap,ra,dec,rb,rbversion,magapbig,sigmagapbig,has_stamp,corrected,dubious,step_id_corr,phase,parent_candid,drb,rfid
0,ztf,59498.37071759999,1744370714015015026,2,1744370714015,20.5805,1,1744,0.210982,20.6235,20.157667,20.3797,0.247049,0.1573353,0.16086048,0.3491,51.3985407,20.1937778,0.387143,t17_f5_c3,20.4619,0.483,False,True,False,correction_1.0.6,0.0,1.7493989240150152e+18,,
1,ztf,59498.42460650019,1744424604015015022,1,1744424604015,20.7605,1,1744,0.549236,20.721,20.439083,21.1206,0.276323,0.21012588,0.21313271,0.569,51.3985171,20.1937022,0.702857,t17_f5_c3,20.9391,0.6177,False,True,False,correction_1.0.6,0.0,1.7493989240150152e+18,,
2,ztf,59503.39892360009,1749398924015015046,2,1749398924015,20.195372,1,1749,0.17091201,20.160622,19.83493,20.1944,0.20199943,0.14756617,0.14964882,0.3856,51.3985412,20.1938029,0.70285714,t17_f5_c3,20.025,0.4234,True,True,False,correction_1.0.6,0.0,,0.9998362,557120240.0
3,ztf,59503.44498840021,1749444984015015020,1,1749444984015,20.4235,1,1749,0.252459,20.3859,20.172005,20.6263,0.238326,0.1937118,0.19570997,0.4198,51.3985279,20.1937872,0.718571,t17_f5_c3,20.8771,0.6782,False,True,False,correction_1.0.6,0.0,1.764324694015015e+18,,
4,ztf,59512.32813660009,1758328134015015022,2,1758328134015,20.1574,1,1758,0.150605,20.2043,19.867119,19.9753,0.199754,0.14416735,0.14642756,0.37,51.3985495,20.1937978,0.615714,t17_f5_c3,20.4511,0.7359,False,True,False,correction_1.0.6,0.0,1.764324694015015e+18,,
5,ztf,59512.40337960003,1758403374015015010,1,1758403374015,19.9853,1,1758,0.249199,20.4435,20.219078,20.9443,0.317992,0.2569651,0.25861105,1.0193,51.3985342,20.1937896,0.434286,t17_f5_c3,20.4436,0.8265,False,True,False,correction_1.0.6,0.0,1.764324694015015e+18,,
6,ztf,59518.32469910011,1764324694015015030,2,1764324694015,20.86953,1,1764,0.400226,20.369942,19.98601,20.4813,0.1414214,0.095092386,0.09929843,0.3137,51.398501,20.1937412,0.7614286,t17_f5_c3,20.4295,0.383,True,True,False,correction_1.0.6,0.0,,0.9999757,557120240.0
7,ztf,59518.35332180001,1764353324015015037,1,1764353324015,20.976768,1,1764,0.37161672,20.613249,20.355047,20.2934,0.1587946,0.1207531,0.12518571,0.2174,51.3985453,20.1937576,0.62714285,t17_f5_c3,19.9976,0.2121,True,True,False,correction_1.0.6,0.0,,0.9998648,557120140.0
