,tid,mjd,candid,fid,pid,diffmaglim,isdiffpos,nid,distnr,magpsf,magpsf_corr,magap,sigmapsf,sigmapsf_corr,sigmapsf_corr_ext,sigmagap,ra,dec,rb,rbversion,magapbig,sigmagapbig,has_stamp,corrected,dubious,step_id_corr,phase,parent_candid,drb,rfid
0,ztf,59424.22314810008,1670223140415015012,2,1670223140415,20.4395,1,1670,1.09107,20.7684,19.585028,20.2719,0.251473,0.07748354,0.08455553,0.3714,268.1971751,81.0968566,0.468571,t17_f5_c3,20.297,0.4866,False,True,False,correction_1.0.6,0.0,1.676302700415015e+18,,
1,ztf,59424.28910879977,1670289100415015005,1,1670289100415,20.0572,1,1670,0.852523,20.3864,19.89929,19.7302,0.266771,0.16683331,0.17033146,0.2739,268.1972773,81.0969759,0.232857,t17_f5_c3,19.5716,0.3036,False,True,False,correction_1.0.6,0.0,1.676302700415015e+18,,
2,ztf,59428.24262729986,1674242620415015010,1,1674242620415,20.4608,1,1674,0.451815,20.7691,20.127634,20.8296,0.268175,0.14236145,0.14853613,0.5268,268.1980105,81.0969955,0.615714,t17_f5_c3,20.8284,0.6747,False,True,False,correction_1.0.6,0.0,1.676302700415015e+18,,
3,ztf,59430.24104169989,1676241040415015012,2,1676241040415,20.3445,1,1676,1.49776,20.8115,,20.6383,0.275406,,,0.5297,268.196306,81.096922,0.545714,t17_f5_c3,20.3564,0.5239,False,False,True,correction_1.0.6,0.0,1.676302700415015e+18,,
4,ztf,59430.30270829983,1676302700415015011,1,1676302700415,20.370249,1,1676,1.1324791,20.450176,19.939577,20.281,0.2019063,0.12101731,0.12615663,0.3241,268.1969158,81.0969063,0.63714284,t17_f5_c3,20.5449,0.5295,True,True,False,correction_1.0.6,0.0,,0.99984676,875120104.0
