,tid,mjd,candid,fid,pid,diffmaglim,isdiffpos,nid,distnr,magpsf,magpsf_corr,magap,sigmapsf,sigmapsf_corr,sigmapsf_corr_ext,sigmagap,ra,dec,rb,rbversion,magapbig,sigmagapbig,has_stamp,corrected,dubious,step_id_corr,phase,parent_candid,drb,rfid
0,ztf,59484.40457180003,1730404572115015010,1,1730404572115,19.8431,1,1730,0.467199,20.0519,19.474478,19.6784,0.2589,0.14980373,0.15211184,0.3531,44.1996606,11.2813063,0.575714,t17_f5_c3,19.7681,0.4924,False,True,True,correction_1.0.6,0.0,1.733414692115015e+18,,
1,ztf,59487.41469909996,1733414692115015005,1,1733414692115,20.390217,1,1733,0.553513,20.1399,19.525312,19.876,0.20310037,0.111944936,0.115312316,0.2292,44.1996936,11.2812382,0.60142857,t17_f5_c3,19.8809,0.2946,True,True,True,correction_1.0.6,0.0,,0.9906932,505120121.0
2,ztf,59489.36082179984,1735360822115015015,1,1735360822115,20.594112,1,1735,0.8988805,20.205652,19.562155,19.919,0.18390119,0.097557336,0.10166824,0.2016,44.1997801,11.2813394,0.60571426,t17_f5_c3,19.9883,0.274,True,True,False,correction_1.0.6,0.0,,0.9991332,505120121.0
3,ztf,59489.36082179984,1735360822115035015,1,1735360822115,20.5941,1,1735,0.89888,20.2057,19.56218,19.919,0.183901,0.09755494,0.10166614,0.2016,44.1997801,11.2813394,0.605714,t17_f5_c3,19.9883,0.274,False,True,False,correction_1.0.6,0.0,1.744374052115015e+18,,
4,ztf,59489.416562499944,1735416562115015009,2,1735416562115,20.522951,1,1735,0.61315966,20.020308,18.771654,20.075,0.15705243,0.03960489,0.049725994,0.2796,44.1996117,11.2814227,0.93142855,t17_f5_c3,20.5135,0.5333,True,True,False,correction_1.0.6,0.0,,0.9999627,505120221.0
5,ztf,59489.416562499944,1735416562115035009,2,1735416562115,20.523,1,1735,0.61316,20.0203,18.771652,20.075,0.157052,0.03960507,0.049726095,0.2796,44.1996117,11.2814227,0.931429,t17_f5_c3,20.5135,0.5333,False,True,False,correction_1.0.6,0.0,1.744374052115015e+18,,
6,ztf,59498.374050899874,1744374052115015014,2,1744374052115,20.545397,1,1744,0.71948045,19.986591,18.760866,19.9871,0.15769224,0.041401252,0.050994113,0.2531,44.1996887,11.2813919,0.87857145,t17_f5_c3,19.9417,0.3094,True,True,False,correction_1.0.6,0.0,,0.9997627,505120221.0
