,tid,mjd,candid,fid,pid,diffmaglim,isdiffpos,nid,distnr,magpsf,magpsf_corr,magap,sigmapsf,sigmapsf_corr,sigmapsf_corr_ext,sigmagap,ra,dec,rb,rbversion,drb,magapbig,sigmagapbig,rfid,has_stamp,corrected,dubious,step_id_corr,phase,parent_candid
0,ztf,59461.447175899986,1707447170815015009,1,1707447170815,20.640486,1,1707,0.6794983,20.704432,20.04251,20.4928,0.20920566,0.11175602,0.11371143,0.3012,56.8214384,9.3808604,0.8414286,t17_f5_c3,0.99999034,20.4867,0.3834,507120108.0,True,True,False,correction_1.0.6,0.0,
1,ztf,59461.48409719998,1707484090815015010,2,1707484090815,20.502495,1,1707,0.22632714,20.207743,19.657917,20.5961,0.17701884,0.10503416,0.106681466,0.4182,56.8213225,9.380975,0.8542857,t17_f5_c3,0.9999927,20.2049,0.3746,507120208.0,True,True,False,correction_1.0.6,0.0,
2,ztf,59463.445543999784,1709445540815015009,1,1709445540815,20.6818,1,1709,0.492126,20.8526,20.120527,20.9662,0.249755,0.12524205,0.12725799,0.4696,56.8213051,9.3808848,0.771429,t17_f5_c3,,20.4373,0.3702,,False,True,False,correction_1.0.6,0.0,1.709466520815015e+18
3,ztf,59463.466527800076,1709466520815015012,2,1709466520815,20.407373,1,1709,0.19101071,20.164078,19.631392,20.5738,0.17780171,0.10732195,0.10885831,0.4219,56.8213224,9.3809545,0.9257143,t17_f5_c3,0.9999126,20.3803,0.4527,507120208.0,True,True,False,correction_1.0.6,0.0,
4,ztf,59465.494641200174,1711494640815015002,2,1711494640815,20.4483,1,1711,0.296391,20.3973,19.76815,20.5045,0.225834,0.12481101,0.12651116,0.4042,56.8213447,9.3810141,0.727143,t17_f5_c3,,20.572,0.5515,,False,True,False,correction_1.0.6,0.0,1.714483350815015e+18
5,ztf,59468.483356500044,1714483350815015014,2,1714483350815,20.5059,1,1714,0.3194521,20.488928,19.818523,20.2827,0.16877839,0.08841098,0.09102379,0.3115,56.8212837,9.3809329,0.8542857,t17_f5_c3,0.9998411,20.2053,0.3716,507120208.0,True,True,False,correction_1.0.6,0.0,
