,tid,mjd,candid,fid,pid,diffmaglim,isdiffpos,nid,distnr,magpsf,magpsf_corr,magap,sigmapsf,sigmapsf_corr,sigmapsf_corr_ext,sigmagap,ra,dec,rb,rbversion,drb,magapbig,sigmagapbig,rfid,has_stamp,corrected,dubious,step_id_corr,phase,parent_candid
0,ztf,59517.444618099835,1763444614715015029,1,1763444614715,20.807995,1,1763,0.58647436,20.713947,19.677345,20.4804,0.2033646,0.06232301,0.078277126,0.3101,98.8459415,33.7007548,0.52428573,t17_f5_c3,0.9990708,20.5222,0.4115,661120147.0,True,True,False,correction_1.0.6,0.0,
1,ztf,59517.50682870019,1763506824715015031,2,1763506824715,20.717682,1,1763,0.5204788,20.341118,19.119093,20.1062,0.169707,0.03036947,0.055066798,0.2273,98.8458998,33.7007535,0.5871429,t17_f5_c3,0.99999833,20.033,0.2708,661120247.0,True,True,False,correction_1.0.6,0.0,
2,ztf,59521.34546299977,1767345464715015020,1,1767345464715,20.907553,1,1767,0.39271718,20.788038,19.705269,20.5156,0.19623472,0.05365178,0.07238827,0.2946,98.8458791,33.7007704,0.5914286,t17_f5_c3,0.9879244,20.6387,0.4206,661120147.0,True,True,False,correction_1.0.6,0.0,
3,ztf,59521.4519675998,1767451964715015016,2,1767451964715,20.664948,1,1767,0.590897,20.191206,19.068146,19.9804,0.17094703,0.042084206,0.060762737,0.1968,98.8459584,33.7008129,0.70857143,t17_f5_c3,0.9998148,20.0638,0.2701,661120247.0,True,True,False,correction_1.0.6,0.0,
4,ztf,59523.4499189998,1769449914715015030,1,1769449914715,20.9573,1,1769,0.44109,21.032,19.789017,21.2651,0.249654,0.059651818,0.07945947,0.544,98.8459092,33.7007986,0.595714,t17_f5_c3,,21.6672,1.0051,,False,True,False,correction_1.0.6,0.0,1.776384294715015e+18
5,ztf,59530.38429399999,1776384294715015033,2,1776384294715,20.378736,1,1776,0.7324291,20.47528,19.160837,20.5463,0.20165712,0.03650573,0.060094655,0.3841,98.8459901,33.7007649,0.8385714,t17_f5_c3,0.9999933,20.4555,0.4513,661120247.0,True,True,False,correction_1.0.6,0.0,
