,tid,mjd,candid,fid,pid,diffmaglim,isdiffpos,nid,distnr,magpsf,magpsf_corr,magap,sigmapsf,sigmapsf_corr,sigmapsf_corr_ext,sigmagap,ra,dec,rb,rbversion,drb,magapbig,sigmagapbig,rfid,has_stamp,corrected,dubious,step_id_corr,phase,parent_candid
0,ztf,59525.49871530011,1771498710815015004,1,1771498710815,20.301872,1,1771,0.89627993,20.106201,19.849487,19.7873,0.17885806,0.13935265,0.14119609,0.193,172.8821485,16.6302494,0.49857143,t17_f5_c3,0.99392045,19.6536,0.2185,574120108.0,True,True,True,correction_1.0.6,0.0,
1,ztf,59525.519861099776,1771519860815015007,2,1771519860815,20.0658,1,1771,0.754608,20.253,19.7682,20.473,0.261871,0.1654835,0.16755892,0.5225,172.8822088,16.6302876,0.602857,t17_f5_c3,,20.1771,0.5111,,False,True,False,correction_1.0.6,0.0,1.773498870815015e+18
2,ztf,59527.49887729995,1773498870815015006,1,1773498870815,20.43127,1,1773,0.951402,19.86618,19.655785,19.9328,0.20626804,0.16886292,0.16993134,0.2133,172.882122,16.6302758,0.8314286,t17_f5_c3,0.9991081,20.0509,0.304,574120108.0,True,True,False,correction_1.0.6,0.0,
3,ztf,59530.4765625,1776476560815015003,2,1776476560815,19.2625,1,1776,0.295541,19.7857,19.447075,19.8574,0.354108,0.25849116,0.2592301,0.3075,172.8822748,16.630401,0.385714,t17_f5_c3,,19.9327,0.4228,,False,True,False,correction_1.0.6,0.0,1.778477820815015e+18
4,ztf,59532.47782409983,1778477820815015007,2,1778477820815,20.018272,1,1778,0.85649085,19.792631,19.452145,20.0803,0.18329895,0.13250773,0.1339569,0.3873,172.8821512,16.6302879,0.9042857,t17_f5_c3,0.99999523,20.0235,0.4716,574120208.0,True,True,False,correction_1.0.6,0.0,
