,tid,mjd,candid,fid,pid,diffmaglim,isdiffpos,nid,distnr,magpsf,magap,sigmapsf,sigmagap,ra,dec,rb,rbversion,drb,magapbig,sigmagapbig,rfid,has_stamp,corrected,dubious,step_id_corr,phase,parent_candid
0,ztf,59430.28619210003,1676286195515015016,1,1676286195515,20.743702,1,1676,5.3502526,20.041866,20.2713,0.19870153,0.2687,262.6763768,64.4547589,0.7128571,t17_f5_c3,0.99992776,20.326,0.3591,825120155.0,True,False,False,correction_1.0.6,0.0,
1,ztf,59435.198958300054,1681198955515015017,1,1681198955515,20.75214,1,1681,5.554254,20.191177,20.1033,0.19724753,0.2279,262.6764875,64.4547127,0.7757143,t17_f5_c3,0.9999962,20.1353,0.2985,825120155.0,True,False,False,correction_1.0.6,0.0,
2,ztf,59435.244108799845,1681244105515015015,2,1681244105515,20.619604,1,1681,3.228766,20.064976,20.2224,0.16145098,0.3204,262.6764671,64.4547161,0.64,t17_f5_c3,0.948172,20.0348,0.3412,825120255.0,True,False,False,correction_1.0.6,0.0,
3,ztf,59438.18304400006,1684183045515015015,2,1684183045515,20.308857,1,1684,3.2306669,20.310871,19.9115,0.21520488,0.31,262.6764318,64.4547065,0.60571426,t17_f5_c3,0.998132,19.5994,0.2964,825120255.0,True,False,False,correction_1.0.6,0.0,
4,ztf,59438.228506899904,1684228505515015013,1,1684228505515,20.5369,1,1684,5.61425,20.0859,19.8242,0.218418,0.2087,262.6764552,64.4546907,0.567143,t17_f5_c3,,19.9169,0.2892,,False,False,False,correction_1.0.6,0.0,1.686220555515015e+18
5,ztf,59440.22055559978,1686220555515015015,2,1686220555515,20.309687,1,1686,3.2108452,20.016722,19.9084,0.19524871,0.3088,262.6766282,64.4547669,0.73571426,t17_f5_c3,0.9997637,19.9794,0.4189,825120255.0,True,False,False,correction_1.0.6,0.0,
6,ztf,59440.26325230021,1686263255515015015,1,1686263255515,20.540947,1,1686,5.4103837,20.23366,20.142,0.19774534,0.2783,262.6762837,64.4547327,0.86142856,t17_f5_c3,0.99998444,20.2089,0.3767,825120155.0,True,False,False,correction_1.0.6,0.0,
