,tid,mjd,candid,fid,pid,diffmaglim,isdiffpos,nid,distnr,magpsf,magap,sigmapsf,sigmagap,ra,dec,rb,rbversion,drb,magapbig,sigmagapbig,rfid,has_stamp,corrected,dubious,step_id_corr,phase,parent_candid
0,ztf,59517.2587731001,1763258772115015007,1,1763258772115,20.861221,1,1763,3.5494537,20.357105,20.634,0.1814101,0.3346,38.9519347,25.8942757,0.41,t17_f5_c3,0.9999777,20.3066,0.3161,605120121.0,True,False,False,correction_1.0.6,0.0,
1,ztf,59517.350567100104,1763350562115015006,2,1763350562115,20.6424,1,1763,3.57979,20.3591,19.7106,0.21013,0.1792,38.9518412,25.8942329,0.364286,t17_f5_c3,,19.8399,0.2567,,False,False,False,correction_1.0.6,0.0,1.767231452115015e+18
2,ztf,59521.23145829979,1767231452115015010,1,1767231452115,20.82578,1,1767,3.3990178,20.184008,20.197,0.19337468,0.2249,38.9519807,25.89428,0.4857143,t17_f5_c3,0.999679,19.9544,0.2294,605120121.0,True,False,False,correction_1.0.6,0.0,
3,ztf,59521.26688659983,1767266882115015005,2,1767266882115,20.57681,1,1767,3.3195438,20.011961,19.7347,0.13023566,0.1865,38.9519462,25.8942332,0.6585714,t17_f5_c3,0.9966352,19.8126,0.2552,605120221.0,True,False,False,correction_1.0.6,0.0,
4,ztf,59523.26739579998,1769267392115015008,2,1769267392115,20.725637,1,1769,3.2336676,20.00328,19.9254,0.14690298,0.2074,38.9519569,25.8942605,0.74857146,t17_f5_c3,0.99989736,19.6539,0.2057,605120221.0,True,False,False,correction_1.0.6,0.0,
5,ztf,59525.216597199906,1771216592115015011,1,1771216592115,20.712967,1,1771,3.4561787,20.157602,20.0574,0.1854008,0.2043,38.9519805,25.8942609,0.6085714,t17_f5_c3,0.9993527,19.8991,0.225,605120121.0,True,False,False,correction_1.0.6,0.0,
6,ztf,59525.267210599966,1771267212115015005,2,1771267212115,20.68072,1,1771,3.3750396,20.069317,20.0224,0.14279093,0.2359,38.9518828,25.8942871,0.81,t17_f5_c3,0.9999788,20.0546,0.309,605120221.0,True,False,False,correction_1.0.6,0.0,
7,ztf,59527.22740740003,1773227402115015002,1,1773227402115,20.217813,1,1773,3.6173775,20.21707,20.1102,0.19492027,0.3426,38.9519371,25.8942383,0.69,t17_f5_c3,0.9999995,20.4203,0.5831,605120121.0,True,False,False,correction_1.0.6,0.0,
