,tid,mjd,candid,fid,pid,diffmaglim,isdiffpos,nid,distnr,magpsf,magpsf_corr,magap,sigmapsf,sigmapsf_corr,sigmapsf_corr_ext,sigmagap,ra,dec,rb,rbversion,drb,magapbig,sigmagapbig,rfid,has_stamp,corrected,dubious,step_id_corr,phase,parent_candid
0,ztf,59488.332661999855,1734332661715015001,2,1734332661715,20.525051,1,1734,0.70140606,20.138264,19.885094,20.0492,0.12271404,0.09218762,0.09719104,0.2806,17.77873,11.5965066,0.76428574,t17_f5_c3,0.99991995,20.136,0.3897,501120217.0,True,True,False,correction_1.0.6,0.0,
1,ztf,59488.357580999844,1734357581715015001,1,1734357581715,20.3544,1,1734,0.451338,20.2048,20.001066,20.1783,0.238852,0.19653232,0.19798657,0.3018,17.7788097,11.5965028,0.81,t17_f5_c3,,19.9956,0.3272,,False,True,False,correction_1.0.6,0.0,1.736297841715015e+18
2,ztf,59490.297847200185,1736297841715015000,2,1736297841715,20.080183,1,1736,0.8193147,20.008432,19.781017,19.8616,0.17383781,0.13818465,0.14098664,0.3156,17.7787049,11.5965334,0.6685714,t17_f5_c3,0.9999825,19.7399,0.3623,501120217.0,True,True,False,correction_1.0.6,0.0,
3,ztf,59490.33872690005,1736338721715015001,1,1736338721715,20.773642,1,1736,0.66648376,20.193928,19.992048,20.0313,0.17377673,0.14232229,0.14429107,0.2146,17.778751,11.5964517,0.8242857,t17_f5_c3,0.9999957,20.1063,0.2941,501120117.0,True,True,False,correction_1.0.6,0.0,
