,tid,mjd,candid,fid,pid,diffmaglim,isdiffpos,nid,distnr,magpsf,magpsf_corr,magap,sigmapsf,sigmapsf_corr,sigmapsf_corr_ext,sigmagap,ra,dec,rb,rbversion,magapbig,sigmagapbig,has_stamp,corrected,dubious,step_id_corr,phase,parent_candid,drb,rfid
0,ztf,59550.49893519981,1796498932715015008,1,1796498932715,20.0873,1,1796,1.26179,20.0634,18.350832,19.9115,0.237434,100.0,0.04903608,0.3363,178.2619753,3.2073283,0.724286,t17_f5_c3,20.0045,0.4659,False,True,False,correction_1.0.6,0.0,1.796526522715015e+18,,
1,ztf,59550.52652780013,1796526522715015008,2,1796526522715,20.377878,1,1796,0.8275519,19.051607,17.690895,19.2019,0.09333208,100.0,0.026653025,0.1436,178.2620069,3.2073527,0.9714286,t17_f5_c3,19.0028,0.151,True,True,False,correction_1.0.6,0.0,,0.9999993,472120227.0
