,tid,mjd,candid,fid,pid,diffmaglim,isdiffpos,nid,distnr,magpsf,magpsf_corr,magap,sigmapsf,sigmapsf_corr,sigmapsf_corr_ext,sigmagap,ra,dec,rb,rbversion,drb,magapbig,sigmagapbig,rfid,has_stamp,corrected,dubious,step_id_corr,phase,parent_candid
0,ztf,59425.2594792,1671259476315015023,1,1671259476315,20.82192,1,1671,0.5724911,19.757063,17.952541,19.837,0.14050198,100.0,0.026660847,0.1764,284.3998516,42.8019691,0.84,t17_f5_c3,0.6751908,19.6669,0.1877,727120163.0,True,True,False,correction_1.0.6,0.0,
1,ztf,59427.30133099994,1673301336315015017,1,1673301336315,20.862076,1,1673,0.25743663,19.719753,17.945362,19.7547,0.19311357,100.0,0.037675288,0.1607,284.3997842,42.8020418,0.7014286,t17_f5_c3,0.6747914,19.6903,0.1881,727120163.0,True,True,False,correction_1.0.6,0.0,
2,ztf,59427.33083330002,1673330836315015018,2,1673330836315,20.679342,1,1673,0.71543866,19.282879,17.316248,19.1183,0.10827657,100.0,0.01769629,0.1199,284.3998864,42.8020177,0.7185714,t17_f5_c3,0.99998105,19.1735,0.1563,727120263.0,True,True,False,correction_1.0.6,0.0,
3,ztf,59429.33260420011,1675332606315015023,1,1675332606315,20.833792,1,1675,0.30239293,19.696325,17.940752,19.6731,0.14379099,100.0,0.028543185,0.1513,284.3998592,42.8020686,0.89,t17_f5_c3,0.8360374,19.771,0.2055,727120163.0,True,True,False,correction_1.0.6,0.0,
4,ztf,59429.370243099984,1675370246315015020,2,1675370246315,20.408537,1,1675,0.70533645,19.245037,17.309973,19.0112,0.1286587,100.0,0.02164778,0.1181,284.399901,42.8020274,0.8357143,t17_f5_c3,0.9999517,18.9644,0.1409,727120263.0,True,True,False,correction_1.0.6,0.0,
5,ztf,59434.26009259978,1680260096315015021,1,1680260096315,21.0202,1,1680,0.381226,20.0441,18.00149,20.3942,0.224874,100.0,0.03426852,0.2602,284.3998812,42.8020534,0.734286,t17_f5_c3,,20.6106,0.3923,,False,True,False,correction_1.0.6,0.0,1.680352786315015e+18
6,ztf,59434.352789400145,1680352786315015007,2,1680352786315,20.795622,1,1680,0.719352,19.501047,17.349041,19.4179,0.13424999,100.0,0.018497447,0.1455,284.3999358,42.8020397,0.69285715,t17_f5_c3,0.9996679,19.4025,0.177,727120263.0,True,True,False,correction_1.0.6,0.0,
