,tid,mjd,candid,fid,pid,diffmaglim,isdiffpos,nid,distnr,magpsf,magap,sigmapsf,sigmagap,ra,dec,rb,rbversion,magapbig,sigmagapbig,has_stamp,corrected,dubious,step_id_corr,phase,parent_candid,drb,rfid
0,ztf,59225.22909720009,1471229091215015008,1,1471229091215,20.4747,1,1471,1.79222,20.617,20.3899,0.299208,0.3131,93.655596,2.1374922,0.445714,t17_f5_c3,20.6389,0.5036,False,False,False,bulk_1.0.0,0.0,1.479255021215015e+18,,
1,ztf,59225.27572919987,1471275721215015010,2,1471275721215,20.413877,1,1471,1.8322651,20.405912,20.8723,0.1975746,0.5687,93.6555491,2.1374354,0.7014286,t17_f5_c3,20.4337,0.4858,False,False,False,bulk_1.0.0,0.0,1.479255021215015e+18,0.9913466,460120212.0
2,ztf,59227.21533560008,1473215331215015004,1,1473215331215,20.5691,1,1473,2.19832,20.4644,20.2769,0.202777,0.2722,93.6554841,2.1374465,0.607143,t17_f5_c3,20.1298,0.3042,False,False,False,bulk_1.0.0,0.0,1.473273481215015e+18,,
3,ztf,59227.27348379977,1473273481215015009,2,1473273481215,20.341286,1,1473,1.9259524,19.997454,19.9628,0.19718799,0.2607,93.6555485,2.1375424,0.76,t17_f5_c3,19.8618,0.3032,False,False,False,bulk_1.0.0,0.0,1.479255021215015e+18,0.99681807,460120212.0
4,ztf,59231.232303199824,1477232301215015005,1,1477232301215,20.257326,1,1477,2.1653247,20.135443,20.1671,0.19041526,0.2616,93.6554943,2.1375314,0.6185714,t17_f5_c3,20.0962,0.3138,False,False,False,bulk_1.0.0,0.0,1.479255021215015e+18,0.9991288,460120112.0
5,ztf,59233.25502309995,1479255021215015005,2,1479255021215,20.367437,1,1479,1.8500144,20.016426,19.797,0.18029793,0.2113,93.655561,2.1375178,0.50285715,t17_f5_c3,19.7511,0.2585,True,False,False,bulk_1.0.0,0.0,0.0,0.9299137,460120212.0
6,ztf,59233.298773100134,1479298771215015002,1,1479298771215,20.4547,1,1479,1.76106,20.4049,20.0225,0.224023,0.2,93.6556155,2.1375702,0.258571,t17_f5_c3,20.0598,0.2641,False,False,False,correction_0.0.1,0.0,,,
7,ztf,59251.22887729993,1497228871215015012,2,1497228871215,20.646105,1,1497,1.8179709,20.481392,20.1552,0.21553953,0.2546,93.6555694,2.1375102,0.44714287,t17_f5_c3,20.1298,0.3168,True,False,False,correction_0.0.1,0.0,,0.9501513,460120212.0
