,tid,mjd,candid,fid,pid,diffmaglim,isdiffpos,nid,distnr,magpsf,magpsf_corr,magap,sigmapsf,sigmapsf_corr,sigmapsf_corr_ext,sigmagap,ra,dec,rb,rbversion,drb,magapbig,sigmagapbig,rfid,has_stamp,corrected,dubious,step_id_corr,phase,parent_candid
0,ztf,59401.37089119991,1647370890215015017,1,1647370890215,20.706308,1,1647,0.052930776,20.477451,18.33113,20.5218,0.18670903,100.0,0.025860483,0.3203,277.7723826,29.9161093,0.96428573,t17_f5_c3,0.9999516,21.1344,0.6993,683120102.0,True,True,False,correction_0.0.1,0.0,
1,ztf,59425.253946799785,1671253940215015025,1,1671253940215,20.7925,1,1671,0.492878,20.7559,18.365692,20.4562,0.267688,100.0,0.029617345,0.3081,277.7722436,29.9160782,0.84,t17_f5_c3,,20.4787,0.3911,,False,True,False,correction_1.0.6,0.0,1.682255670215015e+18
2,ztf,59434.25461809989,1680254610215015022,1,1680254610215,20.8491,1,1680,0.287043,20.5313,18.33843,20.5102,0.237337,100.0,0.031493273,0.3024,277.7724899,29.9161292,0.89,t17_f5_c3,,20.6806,0.438,,False,True,False,correction_1.0.6,0.0,1.682255670215015e+18
3,ztf,59436.255671299994,1682255670215015024,1,1682255670215,20.744253,1,1682,0.3549155,20.339312,18.310915,20.5829,0.21456927,100.0,0.033129048,0.361,277.7723418,29.9161955,0.93,t17_f5_c3,0.9995883,20.6413,0.4741,683120102.0,True,True,False,correction_1.0.6,0.0,
4,ztf,59487.14503470017,1733145030215015014,2,1733145030215,20.333336,1,1733,0.119770475,20.087158,17.461693,20.2105,0.16281867,100.0,0.014505002,0.3736,277.7723992,29.9160951,0.93857145,t17_f5_c3,0.9992626,20.0847,0.4148,683120202.0,True,True,False,correction_1.0.6,0.0,
5,ztf,59512.119687499944,1758119680215015008,2,1758119680215,20.4483,1,1758,0.531358,20.2835,17.477812,20.4087,0.188843,100.0,0.014250351,0.4343,277.7722513,29.9161689,0.877143,t17_f5_c3,,20.2988,0.4889,,False,True,False,correction_1.0.6,0.0,1.770113330215015e+18
6,ztf,59524.11333330022,1770113330215015023,1,1770113330215,20.653484,1,1770,0.059274297,20.196823,18.287657,20.2857,0.1794153,100.0,0.0309167,0.2984,277.7723998,29.9161244,0.9071429,t17_f5_c3,0.99931854,20.3475,0.3963,683120102.0,True,True,False,correction_1.0.6,0.0,
