,tid,mjd,candid,fid,pid,diffmaglim,isdiffpos,nid,distnr,magpsf,magap,sigmapsf,sigmagap,ra,dec,rb,rbversion,magapbig,sigmagapbig,has_stamp,corrected,dubious,step_id_corr,phase,parent_candid,drb,rfid
0,ztf,59536.50432869978,1782504321215015006,2,1782504321215,19.5555,1,1782,4.23767,19.2203,19.2774,0.126237,0.3127,177.114652,9.2069887,0.932857,t17_f5_c3,19.6819,0.5815,False,False,False,correction_1.0.6,0.0,1.782531841215015e+18,,
1,ztf,59536.53184030019,1782531841215015005,1,1782531841215,19.53828,1,1782,3.9262092,19.499407,19.283,0.21184127,0.2873,177.1147167,9.2069891,0.81142855,t17_f5_c3,19.3518,0.3925,True,False,False,correction_1.0.6,0.0,,0.99999666,524120112.0
2,ztf,59538.487662000116,1784487661215025007,2,1784487661215,19.614,1,1784,4.3615,19.268,19.1644,0.186959,0.2806,177.1146847,9.207044,0.735714,t17_f5_c3,19.2169,0.3775,False,False,False,correction_1.0.6,0.0,1.796498461215015e+18,,
3,ztf,59538.487662000116,1784487661215015007,2,1784487661215,19.61404,1,1784,4.3615026,19.268023,19.1644,0.1869586,0.2806,177.1146847,9.207044,0.73571426,t17_f5_c3,19.2169,0.3775,True,False,False,correction_1.0.6,0.0,,0.8405138,524120212.0
4,ztf,59538.5152431,1784515241215025007,1,1784515241215,19.4115,1,1784,3.96078,19.3641,18.9209,0.20007,0.2293,177.114711,9.2069973,0.632857,t17_f5_c3,19.1478,0.3623,False,False,False,correction_1.0.6,0.0,1.796498461215015e+18,,
5,ztf,59550.49846060015,1796498461215015014,1,1796498461215,20.366146,1,1796,3.9259229,19.861462,19.7788,0.16432285,0.2012,177.114655,9.2069626,0.8257143,t17_f5_c3,19.8449,0.271,True,False,False,correction_1.0.6,0.0,,0.99999297,524120112.0
