,tid,mjd,candid,fid,pid,diffmaglim,isdiffpos,nid,distnr,magpsf,magap,sigmapsf,sigmagap,ra,dec,rb,rbversion,drb,magapbig,sigmagapbig,rfid,has_stamp,corrected,dubious,step_id_corr,phase,parent_candid
0,ztf,59529.41642360017,1775416422115015006,2,1775416422115,20.247366,1,1775,3.9440022,19.949047,19.8761,0.17652856,0.261,129.0101606,25.8681849,0.74285716,t17_f5_c3,0.9990976,19.3273,0.2026,617120221.0,True,False,False,correction_1.0.6,0.0,
1,ztf,59529.50885420013,1775508852115015008,1,1775508852115,20.5268,1,1775,3.64504,20.6069,20.1583,0.23573,0.2409,129.0102311,25.8680938,0.35,t17_f5_c3,,19.6947,0.202,,False,False,False,correction_1.0.6,0.0,1.777471112115015e+18
2,ztf,59531.4231480998,1777423142115015006,2,1777423142115,20.5264,1,1777,3.93778,19.8245,19.2759,0.161879,0.1344,129.0101242,25.8681567,0.408571,t17_f5_c3,,19.0635,0.1416,,False,False,False,correction_1.0.6,0.0,1.777471112115015e+18
3,ztf,59531.47111110017,1777471112115015009,1,1777471112115,20.762638,1,1777,4.018543,20.21601,19.8645,0.20245916,0.1818,129.0101261,25.8681474,0.34571427,t17_f5_c3,0.99986756,19.7363,0.2068,617120121.0,True,False,False,correction_1.0.6,0.0,
4,ztf,59536.4574190001,1782457412115015002,1,1782457412115,19.692911,1,1782,4.0804777,19.468533,19.6061,0.19349323,0.363,129.0101023,25.8681479,0.7557143,t17_f5_c3,0.9999778,19.5448,0.4402,617120121.0,True,False,False,correction_1.0.6,0.0,
5,ztf,59536.465752299875,1782465752115015008,2,1782465752115,20.024483,1,1782,4.100565,19.30978,19.2182,0.14830197,0.2026,129.010073,25.8681823,0.8528572,t17_f5_c3,0.9999735,19.2503,0.2677,617120221.0,True,False,False,correction_1.0.6,0.0,
6,ztf,59538.45486109983,1784454862115025005,2,1784454862115,19.6467,1,1784,4.01901,19.0508,18.9376,0.113237,0.2112,129.0100943,25.8681704,0.924286,t17_f5_c3,,18.7869,0.2361,,False,False,False,correction_1.0.6,0.0,1.796423182115015e+18
7,ztf,59538.45486109983,1784454862115015005,2,1784454862115,19.646719,1,1784,4.0190153,19.050783,18.9376,0.113237254,0.2112,129.0100943,25.8681704,0.9242857,t17_f5_c3,0.99999976,18.7869,0.2361,617120221.0,True,False,False,correction_1.0.6,0.0,
8,ztf,59550.423182900064,1796423182115015009,1,1796423182115,20.831444,1,1796,3.7698014,20.011566,19.8413,0.17333546,0.1666,129.010191,25.8681038,0.37857142,t17_f5_c3,0.9962232,19.881,0.2206,617120121.0,True,False,False,correction_1.0.6,0.0,
