,tid,mjd,candid,fid,pid,diffmaglim,isdiffpos,nid,distnr,magpsf,magpsf_corr,magap,sigmapsf,sigmapsf_corr,sigmapsf_corr_ext,sigmagap,ra,dec,rb,rbversion,magapbig,sigmagapbig,has_stamp,corrected,dubious,step_id_corr,phase,parent_candid,drb,rfid
0,ztf,59453.29554399988,1699295540315015012,2,1699295540315,20.0047,1,1699,1.18883,20.4778,18.717033,20.6999,0.437245,0.027611628,0.08638103,0.7691,329.6904262,-6.0683023,0.574286,t17_f5_c3,20.8326,1.1094,False,True,True,correction_1.0.6,0.0,1.701319860315015e+18,,
1,ztf,59455.319861100055,1701319860315015014,1,1701319860315,20.037102,1,1701,1.1210413,20.201948,19.15795,20.116,0.20370969,0.051898662,0.077877544,0.3972,329.6903925,-6.0683642,0.8757143,t17_f5_c3,20.5192,0.7354,True,True,True,correction_1.0.6,0.0,,0.99924517,442120103.0
2,ztf,59459.25379629992,1705253790315015012,2,1705253790315,20.16335,1,1705,1.2124178,20.19117,18.65409,20.3787,0.20256814,100.0,0.049174435,0.4288,329.6904671,-6.0682577,0.91571426,t17_f5_c3,20.2475,0.4823,True,True,False,correction_1.0.6,0.0,,0.9998778,442120203.0
3,ztf,59461.25281250011,1707252810315015023,1,1707252810315,20.44217,1,1707,1.0084502,20.176865,19.148293,20.1325,0.17888443,0.03872438,0.06936547,0.2882,329.6904298,-6.0682507,0.9285714,t17_f5_c3,20.3243,0.4371,True,True,False,correction_1.0.6,0.0,,0.9998797,442120103.0
4,ztf,59463.23578700004,1709235780315015042,1,1709235780315,20.353052,1,1709,1.1086458,20.072906,19.10679,20.0395,0.18676515,0.05306715,0.07670955,0.2719,329.6904462,-6.068283,0.7657143,t17_f5_c3,19.8071,0.2796,True,True,False,correction_1.0.6,0.0,,0.99992436,442120103.0
5,ztf,59463.28761570016,1709287610315015021,2,1709287610315,20.2888,1,1709,1.23228,20.1455,18.642826,20.0557,0.283524,100.0,0.07104281,0.3307,329.6904202,-6.0683268,0.768571,t17_f5_c3,19.9486,0.3805,False,True,False,correction_1.0.6,0.0,1.713250400315015e+18,,
6,ztf,59465.19412040012,1711194120315015014,2,1711194120315,20.0776,1,1711,0.748728,19.9006,18.576084,20.1704,0.237678,100.0,0.07017497,0.4387,329.6903408,-6.0682106,0.677143,t17_f5_c3,20.0656,0.5072,False,True,False,correction_1.0.6,0.0,1.713250400315015e+18,,
7,ztf,59467.250405100174,1713250400315015017,2,1713250400315,20.3719,1,1713,1.2391714,20.2861,18.676384,20.8263,0.21683158,100.0,0.04923069,0.6505,329.6904252,-6.0683244,0.79142857,t17_f5_c3,20.7777,0.7888,True,True,False,correction_1.0.6,0.0,,0.9994742,442120203.0
