,tid,mjd,candid,fid,pid,diffmaglim,isdiffpos,nid,distnr,magpsf,magpsf_corr,magap,sigmapsf,sigmapsf_corr,sigmapsf_corr_ext,sigmagap,ra,dec,rb,rbversion,magapbig,sigmagapbig,has_stamp,corrected,dubious,step_id_corr,phase,parent_candid,drb,rfid
0,ztf,59512.367303200066,1758367302915015000,2,1758367302915,19.8014,1,1758,0.506812,19.445,16.897734,19.2094,0.178699,100.0,0.017108643,0.2302,103.5697556,11.6345029,0.775714,t17_f5_c3,19.069,0.2537,False,True,False,correction_1.0.6,0.0,1.764489122915015e+18,,
1,ztf,59518.489120400045,1764489122915015000,2,1764489122915,20.665337,1,1764,0.5768794,19.038073,16.851469,19.3329,0.10095076,100.0,0.013473116,0.1524,103.5697405,11.6345585,0.8371429,t17_f5_c3,19.4334,0.1995,True,True,False,correction_1.0.6,0.0,,0.9977244,514120229.0
2,ztf,59522.34024310019,1768340242915015000,2,1768340242915,20.634947,1,1768,0.42475915,18.950184,16.83932,19.1981,0.12421936,100.0,0.017776385,0.1415,103.5698001,11.6344466,0.83428574,t17_f5_c3,19.3489,0.1944,True,True,False,correction_1.0.6,0.0,,0.07993659,514120229.0
3,ztf,59526.48582179984,1772485822915015000,2,1772485822915,20.650011,1,1772,0.4662659,19.246109,16.877035,19.5377,0.12828548,100.0,0.014472637,0.1865,103.5697669,11.6345258,0.7871429,t17_f5_c3,19.7402,0.2698,True,True,False,correction_1.0.6,0.0,,0.8621779,514120229.0
4,ztf,59529.403483800124,1775403482915015000,2,1775403482915,20.375156,1,1775,0.41151,19.23848,16.876171,19.2596,0.11082724,100.0,0.012581228,0.1607,103.5698034,11.6344557,0.85,t17_f5_c3,19.3045,0.204,True,True,False,correction_1.0.6,0.0,,0.99554014,514120229.0
