,tid,mjd,candid,fid,pid,diffmaglim,isdiffpos,nid,distnr,magpsf,magpsf_corr,magap,sigmapsf,sigmapsf_corr,sigmapsf_corr_ext,sigmagap,ra,dec,rb,rbversion,drb,magapbig,sigmagapbig,rfid,has_stamp,corrected,dubious,step_id_corr,phase,parent_candid
0,ztf,59532.46392360004,1778463924515015002,2,1778463924515,20.414936,1,1778,0.66229445,19.996078,17.596813,19.8448,0.16631867,100.0,0.01824883,0.2393,134.7503197,20.6559062,0.9742857,t17_f5_c3,0.99962187,19.8799,0.3114,569120245.0,True,True,True,correction_1.0.6,0.0,
1,ztf,59550.43469909998,1796434693215015004,1,1796434693215,20.7337,1,1796,0.685627,20.4786,18.289804,20.0411,0.263965,100.0,0.035158366,0.2106,134.7499968,20.6559605,0.812857,t17_f5_c3,,20.1209,0.2858,,False,True,False,correction_1.0.6,0.0,1.796444234515015e+18
2,ztf,59550.444236100186,1796444234515015008,1,1796444234515,20.805166,1,1796,0.34646702,20.335638,18.249187,20.4426,0.20759097,100.0,0.030382833,0.2926,134.7501322,20.6560555,0.9714286,t17_f5_c3,0.9999995,20.7227,0.4766,569120145.0,True,True,False,correction_1.0.6,0.0,
3,ztf,59640.25495370012,1886254954515015007,2,1886254954515,20.600702,1,1886,0.10348162,20.210978,17.61842,20.1434,0.21476083,100.0,0.019721132,0.2801,134.7501688,20.6559831,0.95714283,t17_f5_c3,0.99985,20.0776,0.3308,569120245.0,True,True,False,correction_1.0.6,0.0,
