,tid,mjd,candid,fid,pid,diffmaglim,isdiffpos,nid,distnr,magpsf,magpsf_corr,magap,sigmapsf,sigmapsf_corr,sigmapsf_corr_ext,sigmagap,ra,dec,rb,rbversion,magapbig,sigmagapbig,has_stamp,corrected,dubious,step_id_corr,phase,parent_candid,drb,rfid
0,ztf,59486.306284700055,1732306281215015030,2,1732306281215,19.9574,1,1732,0.516107,20.1384,19.777838,19.8494,0.253927,0.17769924,0.18217327,0.2784,31.308163,1.9797337,0.454286,t17_f5_c3,20.013,0.4143,False,True,False,correction_1.0.6,0.0,1.734350371215015e+18,,
1,ztf,59488.35037040012,1734350371215015021,2,1734350371215,20.421251,1,1734,0.19828296,20.361515,19.933125,20.7256,0.19269419,0.12133938,0.12987116,0.5364,31.3081118,1.9799083,0.72571427,t17_f5_c3,20.3476,0.4856,True,True,False,correction_1.0.6,0.0,,0.9999845,451120212.0
2,ztf,59488.36512729991,1734365121215015024,1,1734365121215,20.5928,1,1734,0.493921,20.8373,20.373278,20.8738,0.332246,0.21214676,0.21669592,0.4854,31.3080841,1.98001,0.62,t17_f5_c3,20.4891,0.437,False,True,False,correction_1.0.6,0.0,1.736310081215015e+18,,
3,ztf,59490.310080999974,1736310081215015028,2,1736310081215,20.354473,1,1736,0.36456135,20.229935,19.842716,20.1406,0.19491161,0.12962313,0.13644277,0.4108,31.3081181,1.9799755,0.51428574,t17_f5_c3,20.6278,0.8234,True,True,False,correction_1.0.6,0.0,,0.97978574,451120212.0
4,ztf,59496.36233799998,1742362331215015010,1,1742362331215,20.4494,1,1742,0.378371,20.6685,20.260256,20.5226,0.271289,0.18196413,0.18626635,0.3505,31.3082202,1.9798927,0.645714,t17_f5_c3,20.4138,0.4063,False,True,False,correction_1.0.6,0.0,1.742399731215015e+18,,
5,ztf,59496.399733799975,1742399731215015020,2,1742399731215,20.325092,1,1742,0.19737487,20.00327,19.67922,19.8362,0.1393912,0.09671411,0.10342261,0.2344,31.3081048,1.9798882,0.69857144,t17_f5_c3,19.9606,0.3359,True,True,False,correction_1.0.6,0.0,,0.99954355,451120212.0
6,ztf,59498.358634300064,1744358631215015024,2,1744358631215,20.5667,1,1744,0.25072,20.1877,19.81298,19.6432,0.158,0.103924654,0.11188426,0.1884,31.3081115,1.9799314,0.467143,t17_f5_c3,19.6425,0.2406,False,True,False,correction_1.0.6,0.0,1.748374051215015e+18,,
7,ztf,59502.374050899874,1748374051215015022,2,1748374051215,20.130514,1,1748,0.090919636,20.256376,19.861158,20.3246,0.19454549,0.12805578,0.13518675,0.3855,31.3081881,1.9798902,0.62,t17_f5_c3,20.4804,0.5699,True,True,False,correction_1.0.6,0.0,,0.65146506,451120212.0
