,tid,mjd,candid,fid,pid,diffmaglim,isdiffpos,nid,distnr,magpsf,magpsf_corr,magap,sigmapsf,sigmapsf_corr,sigmapsf_corr_ext,sigmagap,ra,dec,rb,rbversion,drb,magapbig,sigmagapbig,rfid,has_stamp,corrected,dubious,step_id_corr,phase,parent_candid
0,ztf,59484.344201399945,1730344205215015009,2,1730344205215,19.79045,1,1730,0.36589688,19.681803,18.944221,19.6221,0.16444111,0.0749556,0.08336386,0.3517,48.6822448,7.5331654,0.9242857,t17_f5_c3,0.9996865,19.8296,0.5461,453120252.0,True,True,False,correction_1.0.6,0.0,
1,ztf,59487.361585599836,1733361585215015007,2,1733361585215,20.209055,1,1733,0.55997926,20.020695,19.102839,20.2881,0.17579345,0.06257028,0.075484894,0.4247,48.6822644,7.5331004,0.9342857,t17_f5_c3,0.99997234,19.9882,0.4129,453120252.0,True,True,False,correction_1.0.6,0.0,
2,ztf,59487.41517359996,1733415175215015007,1,1733415175215,20.1875,1,1733,0.394038,20.3089,19.692148,19.9703,0.303543,0.16586791,0.17199641,0.2904,48.6822459,7.5331049,0.514286,t17_f5_c3,,19.8741,0.3406,,False,True,False,correction_1.0.6,0.0,1.735417035215015e+18
3,ztf,59489.37908559991,1735379085215015018,1,1735379085215,20.7118,1,1735,0.21245,20.7063,19.899275,20.2944,0.265136,0.11342214,0.12608357,0.2732,48.6821875,7.5331235,0.498571,t17_f5_c3,,20.3972,0.3839,,False,True,False,correction_1.0.6,0.0,1.735417035215015e+18
4,ztf,59489.41703699995,1735417035215015015,2,1735417035215,20.188686,1,1735,0.17869036,19.864862,19.033169,19.4825,0.19691978,0.08253128,0.09154016,0.2154,48.6821801,7.5331683,0.73,t17_f5_c3,0.9995034,19.4497,0.2673,453120252.0,True,True,False,correction_1.0.6,0.0,
