,tid,mjd,candid,fid,pid,diffmaglim,isdiffpos,nid,distnr,magpsf,magap,sigmapsf,sigmagap,ra,dec,rb,rbversion,magapbig,sigmagapbig,has_stamp,corrected,dubious,step_id_corr,phase,parent_candid,drb,rfid
0,ztf,59454.38721060008,1700387213115015007,1,1700387213115,20.1266,1,1700,2.43378,20.6096,20.5564,0.373016,0.6371,13.657674,10.2276747,0.534286,t17_f5_c3,20.0202,0.4998,False,False,False,correction_1.0.6,0.0,1.705379813115015e+18,,
1,ztf,59459.34853010019,1705348533115015020,1,1705348533115,20.6565,1,1705,2.73784,20.9764,21.2808,0.327547,0.5684,13.6577609,10.2276682,0.587143,t17_f5_c3,21.8136,1.187,False,False,False,correction_1.0.6,0.0,1.705379813115015e+18,,
2,ztf,59459.379814799875,1705379813115015030,2,1705379813115,20.85713,1,1705,2.6581051,20.56612,20.5168,0.18542022,0.3214,13.6577333,10.2276497,0.75857145,t17_f5_c3,20.6013,0.442,True,False,False,correction_1.0.6,0.0,,0.98771214,501120231.0
