,tid,mjd,candid,fid,pid,diffmaglim,isdiffpos,nid,distnr,magpsf,magpsf_corr,magap,sigmapsf,sigmapsf_corr,sigmapsf_corr_ext,sigmagap,ra,dec,rb,rbversion,drb,magapbig,sigmagapbig,rfid,has_stamp,corrected,dubious,step_id_corr,phase,parent_candid
0,ztf,59472.4120139,1718412013715015019,1,1718412013715,20.590939,1,1718,1.3797342,19.779459,18.645247,19.5344,0.1484057,100.0,0.052211408,0.1489,359.1380913,6.1218408,0.9042857,t17_f5_c3,0.9999558,19.4766,0.178,498120137.0,True,True,False,correction_1.0.6,0.0,
1,ztf,59474.27582179988,1720275823715015003,2,1720275823715,20.022905,1,1720,1.6023929,19.633177,,19.4043,0.1323028,,,0.2646,359.138083,6.1218308,0.8414286,t17_f5_c3,0.998515,19.2292,0.2867,498120237.0,True,False,False,correction_1.0.6,0.0,
2,ztf,59480.33987270016,1726339873715015000,1,1726339873715,19.3379,1,1726,1.31045,19.414,18.502232,19.951,0.219322,0.080430515,0.09470552,0.7118,359.1381033,6.1218623,0.807143,t17_f5_c3,,20.1174,1.0651,,False,True,False,correction_1.0.6,0.0,1.734291093715015e+18
3,ztf,59485.27629629988,1731276293715015004,1,1731276293715,19.8199,1,1731,1.21351,19.7085,18.61975,19.2506,0.243275,0.069719784,0.089247756,0.2216,359.1381407,6.1218467,0.615714,t17_f5_c3,,19.1876,0.2666,,False,True,False,correction_1.0.6,0.0,1.734291093715015e+18
4,ztf,59488.29109949991,1734291093715015008,1,1734291093715,20.518768,1,1734,1.3525968,19.914042,19.367664,19.8782,0.20155042,0.11189561,0.121852055,0.2113,359.1381309,6.1217837,0.83285713,t17_f5_c3,0.99996066,20.0946,0.3255,498120137.0,True,True,False,correction_1.0.6,0.0,
5,ztf,59490.34107640013,1736341073715015010,1,1736341073715,20.57618,1,1736,1.3877555,19.853601,18.670757,20.2175,0.18241882,0.018860579,0.061366584,0.3018,359.1380873,6.1218442,0.8814286,t17_f5_c3,0.99995935,20.3899,0.4479,498120137.0,True,True,False,correction_1.0.6,0.0,
6,ztf,59497.30376160005,1743303763715015008,2,1743303763715,20.319365,1,1743,1.4822332,19.864588,,19.8299,0.14975275,,,0.2539,359.1381072,6.1218408,0.93142855,t17_f5_c3,0.9996071,19.8191,0.316,498120237.0,True,False,False,correction_1.0.6,0.0,
