,tid,mjd,candid,fid,pid,diffmaglim,isdiffpos,nid,distnr,magpsf,magpsf_corr,magap,sigmapsf,sigmapsf_corr,sigmapsf_corr_ext,sigmagap,ra,dec,rb,rbversion,drb,magapbig,sigmagapbig,rfid,has_stamp,corrected,dubious,step_id_corr,phase,parent_candid
0,ztf,59517.26714120014,1763267144115015017,1,1763267144115,20.67057,1,1763,0.6744842,20.243196,19.577723,20.297,0.20002016,0.1051688,0.10836374,0.2861,45.9559314,6.0026295,0.89285713,t17_f5_c3,0.99999094,20.4807,0.4332,453120141.0,True,True,False,correction_1.0.6,0.0,
1,ztf,59517.337187500205,1763337184115015021,2,1763337184115,20.646513,1,1763,0.5239043,20.39619,19.406754,20.2785,0.1654033,0.05166166,0.06649203,0.3056,45.9559283,6.0025636,0.73142856,t17_f5_c3,0.99998325,20.2391,0.3771,453120241.0,True,True,False,correction_1.0.6,0.0,
2,ztf,59521.304282399826,1767304284115015011,1,1767304284115,20.717781,1,1767,0.56546265,20.14514,19.523502,20.0383,0.16123967,0.087493226,0.09095298,0.2104,45.9558927,6.0026204,0.91,t17_f5_c3,0.99999034,20.1682,0.3029,453120141.0,True,True,False,correction_1.0.6,0.0,
3,ztf,59525.30004630005,1771300044115015018,2,1771300044115,20.5972,1,1771,0.51968193,20.08496,19.27075,19.8201,0.13253419,0.050557546,0.062609956,0.2127,45.9559117,6.0025875,0.74714285,t17_f5_c3,0.99945813,19.9129,0.2962,453120241.0,True,True,False,correction_1.0.6,0.0,
4,ztf,59525.319062499795,1771319064115015011,1,1771319064115,20.722647,1,1771,0.6242791,20.222048,19.566214,20.3069,0.18840453,0.099685475,0.102981105,0.2644,45.9559147,6.0026279,0.8642857,t17_f5_c3,0.99999213,20.2604,0.3239,453120141.0,True,True,False,correction_1.0.6,0.0,
5,ztf,59527.28802079987,1773288024115015030,2,1773288024115,19.7509,1,1773,0.784836,19.9973,19.228455,19.9307,0.249942,0.11787674,0.12311229,0.5355,45.9559682,6.0026367,0.418571,t17_f5_c3,,19.9249,0.6833,,False,True,False,correction_1.0.6,0.0,1.7732990241150152e+18
6,ztf,59527.299027800094,1773299024115015076,1,1773299024115,20.619408,1,1773,0.70273733,20.185232,19.545935,19.9929,0.2097377,0.11360387,0.11640131,0.2316,45.9559563,6.0026118,0.36571428,t17_f5_c3,0.9999403,20.4533,0.4517,453120141.0,True,True,False,correction_1.0.6,0.0,
7,ztf,59530.3384953998,1776338494115015009,2,1776338494115,20.181509,1,1776,0.80552524,20.32062,19.37574,20.77,0.20696092,0.07654454,0.08668349,0.5442,45.9559311,6.0026743,0.7771429,t17_f5_c3,0.9999894,20.5017,0.5453,453120241.0,True,True,False,correction_1.0.6,0.0,
