,tid,mjd,candid,fid,pid,diffmaglim,isdiffpos,nid,distnr,magpsf,magpsf_corr,magap,sigmapsf,sigmapsf_corr,sigmapsf_corr_ext,sigmagap,ra,dec,rb,rbversion,magapbig,sigmagapbig,has_stamp,corrected,dubious,step_id_corr,phase,parent_candid,drb,rfid
0,ztf,59522.456446799915,1768456443815015011,1,1768456443815,20.8345,1,1768,0.358465,20.6422,18.595266,20.6942,0.218569,0.0025072335,0.033175297,0.3625,113.8383988,26.7957089,0.882857,t17_f5_c3,20.4496,0.3661,False,True,False,correction_1.0.6,0.0,1.770508093815015e+18,,
1,ztf,59524.50809030002,1770508093815015008,1,1770508093815,20.907524,1,1770,0.6372178,20.611427,18.590538,20.4044,0.20873436,100.0,0.032451782,0.2652,113.8385034,26.7957305,0.7214286,t17_f5_c3,20.3099,0.3064,True,True,False,correction_1.0.6,0.0,,0.9849334,615120138.0
2,ztf,59526.44899309985,1772448993815015010,1,1772448993815,20.86706,1,1772,0.5103683,20.516432,18.575212,20.5568,0.20893838,0.012936149,0.034956727,0.3124,113.8384638,26.7957412,0.88285714,t17_f5_c3,20.4219,0.3482,True,True,False,correction_1.0.6,0.0,,0.99990714,615120138.0
