,tid,mjd,candid,fid,pid,diffmaglim,isdiffpos,nid,distnr,magpsf,magpsf_corr,magap,sigmapsf,sigmapsf_corr,sigmapsf_corr_ext,sigmagap,ra,dec,rb,rbversion,magapbig,sigmagapbig,has_stamp,corrected,dubious,step_id_corr,phase,parent_candid,drb,rfid
0,ztf,59224.2040856001,1470204084215015001,1,1470204084215,19.5716,1,1470,1.38826,19.0803,17.623163,19.2029,0.188088,100.0,0.04914813,0.1727,77.7542459,-16.3451102,0.421429,t17_f5_c3,19.3653,0.2455,False,True,False,bulk_1.0.0,0.0,1479206374215015003,,
1,ztf,59228.252499999944,1474252504215015002,1,1474252504215,20.250992,1,1474,1.8851273,18.893452,,19.0385,0.09239831,,,0.1364,77.7537663,-16.3450583,0.8814286,t17_f5_c3,19.1625,0.1863,False,False,True,bulk_1.0.0,0.0,1479241874215015001,0.9998782,305120142.0
2,ztf,59230.250115700066,1476250114215015003,2,1476250114215,20.09,1,1476,3.01062,18.7105,,19.0038,0.117003,,,0.1731,77.753766,-16.3450721,0.624286,t17_f5_c3,19.0852,0.2248,False,False,False,bulk_1.0.0,0.0,1479241874215015001,,
3,ztf,59230.29600689979,1476296004215015000,1,1476296004215,19.905155,1,1476,1.8424422,18.56652,,18.6465,0.10261921,,,0.1126,77.753871,-16.3450606,0.77,t17_f5_c3,18.6979,0.1449,False,False,True,bulk_1.0.0,0.0,1479241874215015001,0.99987006,305120142.0
4,ztf,59233.20637729997,1479206374215015003,1,1479206374215,20.055643,1,1479,1.8093883,18.637093,,18.8184,0.09634692,,,0.1236,77.7538255,-16.3450478,0.88857144,t17_f5_c3,18.9114,0.1647,False,False,True,bulk_1.0.0,0.0,1479241874215015001,0.9999329,305120142.0
5,ztf,59233.24187499983,1479241874215015001,2,1479241874215,20.19996,1,1479,3.005856,18.485826,,18.6926,0.0703764,,,0.1288,77.753768,-16.3450644,0.8357143,t17_f5_c3,18.8293,0.1749,True,False,False,bulk_1.0.0,0.0,0,0.9753264,305120242.0
