,tid,mjd,candid,fid,pid,diffmaglim,isdiffpos,nid,distnr,magpsf,magap,sigmapsf,sigmagap,ra,dec,rb,rbversion,magapbig,sigmagapbig,has_stamp,corrected,dubious,step_id_corr,phase,parent_candid,drb,rfid
0,ztf,59440.23872689996,1686238721015025003,2,1686238721015,20.6725,1,1686,7.09712,18.6316,18.5156,0.067315,0.0589,312.6726751,30.4392767,0.885714,t17_f5_c3,18.6536,0.0851,False,False,False,correction_1.0.6,0.0,1.700238341015015e+18,,
1,ztf,59440.23872689996,1686238721015015003,2,1686238721015,20.672527,1,1686,7.097119,18.631645,18.5156,0.06731508,0.0589,312.6726751,30.4392767,0.8857143,t17_f5_c3,18.6536,0.0851,True,False,False,correction_1.0.6,0.0,,1.0,688120210.0
2,ztf,59440.28162040003,1686281621015015003,1,1686281621015,20.70438,1,1686,7.4906154,18.44282,18.408,0.054938175,0.0482,312.6726534,30.4392894,0.91571426,t17_f5_c3,18.4246,0.0616,True,False,False,correction_1.0.6,0.0,,1.0,688120110.0
3,ztf,59440.28162040003,1686281621015025003,1,1686281621015,20.7044,1,1686,7.49062,18.4428,18.408,0.054938,0.0482,312.6726534,30.4392894,0.915714,t17_f5_c3,18.4246,0.0616,False,False,False,correction_1.0.6,0.0,1.700238341015015e+18,,
4,ztf,59442.24734950019,1688247341015015001,2,1688247341015,20.596504,1,1688,7.010055,18.77758,18.9959,0.08781361,0.0965,312.672639,30.4392902,0.8914286,t17_f5_c3,19.0042,0.1248,True,False,False,correction_1.0.6,0.0,,0.9999998,688120210.0
5,ztf,59442.30434030015,1688304341015015002,1,1688304341015,20.841667,1,1688,7.4976835,18.661938,18.6545,0.07130984,0.0531,312.6726559,30.4392782,0.91571426,t17_f5_c3,18.6813,0.0686,True,False,False,correction_1.0.6,0.0,,1.0,688120110.0
6,ztf,59444.25942130014,1690259421015015001,2,1690259421015,19.69918,1,1690,6.931839,19.015827,19.3008,0.14656308,0.2814,312.6726256,30.4393109,0.7842857,t17_f5_c3,19.4078,0.3994,True,False,False,correction_1.0.6,0.0,,0.9999701,688120210.0
7,ztf,59454.238344899844,1700238341015015004,1,1700238341015,20.814335,1,1700,7.534883,19.655867,19.6384,0.13086222,0.1316,312.6726286,30.4393043,0.7285714,t17_f5_c3,19.9657,0.2272,True,False,False,correction_1.0.6,0.0,,0.99999964,688120110.0
8,ztf,59454.306041699834,1700306041015015001,2,1700306041015,20.55431,1,1700,7.0942354,19.653671,19.7905,0.1440699,0.2023,312.6726433,30.4392673,0.54285717,t17_f5_c3,20.007,0.3185,True,False,False,correction_1.0.6,0.0,,0.9999987,688120210.0
