,tid,mjd,candid,fid,pid,diffmaglim,isdiffpos,nid,distnr,magpsf,magpsf_corr,magap,sigmapsf,sigmapsf_corr,sigmapsf_corr_ext,sigmagap,ra,dec,rb,rbversion,magapbig,sigmagapbig,has_stamp,corrected,dubious,step_id_corr,phase,parent_candid,drb,rfid
0,ztf,59222.27377310023,1468273771515015006,1,1468273771515,20.3,1,1468,0.425562,20.915,20.34124,20.6795,0.356452,0.2052257,0.21013425,0.4584,80.0579597,-12.9529603,0.307143,t17_f5_c3,20.4948,0.4958,False,True,False,bulk_1.0.0,0.0,1474308361515015006,,
1,ztf,59224.23462959984,1470234621515015013,2,1470234621515,20.0448,1,1470,0.200905,20.4036,19.432943,20.3453,0.326541,0.12737018,0.1335596,0.4538,80.0580603,-12.9529929,0.642857,t17_f5_c3,20.1913,0.505,False,True,False,bulk_1.0.0,0.0,1474308361515015006,,
2,ztf,59226.25555559993,1472255551515015006,2,1472255551515,20.0625,1,1472,0.516648,20.2714,19.376913,19.5954,0.286009,0.11953813,0.12548304,0.2329,80.0580355,-12.9528241,0.354286,t17_f5_c3,19.684,0.3233,False,True,False,bulk_1.0.0,0.0,1474308361515015006,,
3,ztf,59228.2312384001,1474231231515015006,2,1474231231515,20.246,1,1474,0.501624,20.0342,19.26642,19.6218,0.231679,0.10890259,0.1142285,0.2258,80.0582293,-12.9528924,0.454286,t17_f5_c3,19.504,0.2593,False,True,False,bulk_1.0.0,0.0,1474308361515015006,,
4,ztf,59228.30836809985,1474308361515015006,1,1474308361515,20.255873,1,1474,0.39581224,20.119677,19.806208,19.9197,0.19775836,0.14557512,0.14816564,0.2575,80.0581781,-12.9529222,0.6842857,t17_f5_c3,20.0295,0.3645,True,True,False,bulk_1.0.0,0.0,0,0.9992826,356120115.0
