,tid,mjd,candid,fid,pid,diffmaglim,isdiffpos,nid,distnr,magpsf,magpsf_corr,magap,sigmapsf,sigmapsf_corr,sigmapsf_corr_ext,sigmagap,ra,dec,rb,rbversion,magapbig,sigmagapbig,has_stamp,corrected,dubious,step_id_corr,phase,parent_candid,drb,rfid
0,ztf,59496.36086810008,1742360862515015024,1,1742360862515,20.4536,1,1742,1.03075,20.4918,19.312803,20.2682,0.263509,0.074237525,0.08896035,0.2823,25.2659517,3.9377439,0.59,t17_f5_c3,20.5336,0.4596,False,True,False,correction_1.0.6,0.0,1.744321032515015e+18,,
1,ztf,59498.321030099876,1744321032515015023,2,1744321032515,20.592556,1,1744,0.65510476,20.755663,19.215939,20.7784,0.19242905,100.0,0.046599433,0.5305,25.2658453,3.937846,0.75142854,t17_f5_c3,20.7393,0.6542,True,True,False,correction_1.0.6,0.0,,0.99958783,450120225.0
2,ztf,59502.37263889983,1748372632515015026,2,1748372632515,20.1741,1,1748,0.81493366,20.182392,19.046926,19.8594,0.21566182,0.057002768,0.07578565,0.264,25.2657534,3.9377979,0.8142857,t17_f5_c3,20.1615,0.4456,True,True,False,correction_1.0.6,0.0,,0.99998,450120225.0
3,ztf,59517.21991899982,1763219912515015022,1,1763219912515,20.694635,1,1763,0.6624695,20.155893,19.187426,20.2501,0.19196394,0.065440126,0.07867431,0.2788,25.2658251,3.9378014,0.8457143,t17_f5_c3,20.305,0.3741,True,True,False,correction_1.0.6,0.0,,0.99999976,450120125.0
4,ztf,59517.29141200008,1763291412515015021,2,1763291412515,20.693005,1,1763,0.79939556,20.437134,19.129803,20.3407,0.16193946,100.0,0.048575833,0.3211,25.2658324,3.9378007,0.81,t17_f5_c3,20.2416,0.3738,True,True,False,correction_1.0.6,0.0,,0.99994147,450120225.0
5,ztf,59523.30055559985,1769300552515015028,1,1769300552515,20.828238,1,1769,0.65747714,20.567636,19.337818,20.4769,0.18239406,0.030605875,0.058760166,0.3039,25.2658672,3.9378145,0.83428574,t17_f5_c3,20.5827,0.4267,True,True,False,correction_1.0.6,0.0,,0.9999818,450120125.0
