,tid,mjd,candid,fid,pid,diffmaglim,isdiffpos,nid,distnr,magpsf,magpsf_corr,magap,sigmapsf,sigmapsf_corr,sigmapsf_corr_ext,sigmagap,ra,dec,rb,rbversion,drb,magapbig,sigmagapbig,rfid,has_stamp,corrected,dubious,step_id_corr,phase,parent_candid
0,ztf,59488.26677080011,1734266775315015007,1,1734266775315,20.410484,1,1734,0.30343282,19.74004,19.10748,19.5661,0.20513654,0.11090239,0.11455617,0.1775,5.7916595,7.9320775,0.8757143,t17_f5_c3,0.99997616,19.505,0.2142,447120153.0,True,True,False,correction_1.0.6,0.0,
1,ztf,59488.31870369986,1734318705315015013,2,1734318705315,20.403519,1,1734,0.6901158,19.641422,18.394741,19.6826,0.12689234,0.0071881465,0.04024971,0.223,5.7916232,7.9320201,0.95428574,t17_f5_c3,0.99999785,19.8878,0.3423,447120253.0,True,True,False,correction_1.0.6,0.0,
2,ztf,59490.34296299983,1736342965315015016,1,1736342965315,20.652061,1,1736,0.21086958,19.750177,19.113129,19.784,0.13366407,0.068507954,0.07433527,0.1914,5.7916702,7.9320309,0.91714287,t17_f5_c3,0.99998677,19.7752,0.2418,447120153.0,True,True,False,correction_1.0.6,0.0,
3,ztf,59497.301400499884,1743301405315015007,2,1743301405315,20.08331,1,1743,0.6594316,19.279314,18.266314,19.2669,0.13964036,0.042182434,0.054930102,0.1617,5.7916522,7.9320929,0.9614286,t17_f5_c3,0.99999964,19.5058,0.2559,447120253.0,True,True,False,correction_1.0.6,0.0,
4,ztf,59497.33658559993,1743336585315015006,1,1743336585315,19.9914,1,1743,0.27813,19.5564,19.001127,19.4119,0.223898,0.13171202,0.13425823,0.1595,5.7916519,7.9320442,0.274286,t17_f5_c3,,19.1474,0.1598,,False,True,False,correction_1.0.6,0.0,1.748353045315015e+18
5,ztf,59502.35304399999,1748353045315015007,2,1748353045315,19.742405,1,1748,0.85994935,19.296951,18.273216,19.7323,0.15975831,0.05116865,0.062225662,0.3253,5.7915859,7.9320843,0.94285715,t17_f5_c3,0.99999976,19.4133,0.3102,447120253.0,True,True,False,correction_1.0.6,0.0,
6,ztf,59502.378900500014,1748378905315015010,1,1748378905315,19.996386,1,1748,0.1744536,19.71297,19.09228,19.53,0.1960427,0.10700142,0.11068123,0.1966,5.791723,7.931985,0.28428572,t17_f5_c3,0.9893779,19.2414,0.1929,447120153.0,True,True,False,correction_1.0.6,0.0,
7,ztf,59520.233402799815,1766233405315015007,2,1766233405315,20.331469,1,1766,0.92484146,20.196577,18.54217,20.4906,0.17943232,100.0,0.03909649,0.4344,5.7915764,7.9321119,0.94714284,t17_f5_c3,0.99999976,20.1747,0.4139,447120253.0,True,True,False,correction_1.0.6,0.0,
