,tid,mjd,candid,fid,pid,diffmaglim,isdiffpos,nid,distnr,magpsf,magap,sigmapsf,sigmagap,ra,dec,rb,rbversion,magapbig,sigmagapbig,has_stamp,corrected,dubious,step_id_corr,phase,parent_candid,drb,rfid
0,ztf,59216.27495370014,1462274956315015002,2,1462274956315,19.9144,1,1462,4.7654,20.4407,19.9609,0.389829,0.4107,76.4810491,-0.4228955,0.434286,t17_f5_c3,19.9439,0.5189,False,False,False,bulk_1.0.0,0.0,1466255026315015009,,
1,ztf,59218.34752310021,1464347526315015006,1,1464347526315,19.8925,1,1464,5.26317,19.8482,19.6677,0.208371,0.2855,76.4809203,-0.4229799,0.334286,t17_f5_c3,19.6504,0.3607,False,False,False,bulk_1.0.0,0.0,1466255026315015009,,
2,ztf,59220.250231499784,1466250236315015020,2,1466250236315,20.1305,1,1466,5.40703,20.3572,20.3312,0.255612,0.3888,76.480798,-0.4229231,0.505714,t17_f5_c3,20.1444,0.4201,False,False,False,bulk_1.0.0,0.0,1466255026315015009,,
3,ztf,59220.25502309995,1466255026315015009,1,1466255026315,20.44107,1,1466,4.874621,19.982079,19.9005,0.1683383,0.2046,76.4810401,-0.4229282,0.8257143,t17_f5_c3,19.8823,0.2576,False,False,False,bulk_1.0.0,0.0,1468256586315015025,0.99999034,407120163.0
4,ztf,59222.256585599855,1468256586315015025,2,1468256586315,20.37922,1,1468,4.7125683,20.153145,20.3269,0.16716765,0.3842,76.4810913,-0.4229076,0.81285715,t17_f5_c3,20.0588,0.3851,True,False,False,bulk_1.0.0,0.0,0,0.9996499,407120263.0
