,tid,mjd,candid,fid,pid,diffmaglim,isdiffpos,nid,distnr,magpsf,magap,sigmapsf,sigmagap,ra,dec,rb,rbversion,drb,magapbig,sigmagapbig,rfid,has_stamp,corrected,dubious,step_id_corr,phase,parent_candid
0,ztf,59550.54572919989,1796545723115015003,2,1796545723115,20.222946,1,1796,4.030736,19.85088,19.8898,0.16864674,0.2977,203.3265419,3.4069589,0.8428571,t17_f5_c3,0.99989474,20.1875,0.5013,476120231.0,True,False,False,correction_1.0.6,0.0,
1,ztf,59550.55060190009,1796550603115015005,2,1796550603115,20.2841,1,1796,4.11108,19.9549,19.7824,0.238161,0.2635,203.3264777,3.4069242,0.664286,t17_f5_c3,,19.5226,0.2657,,False,False,False,correction_1.0.6,0.0,1.796553043115015e+18
2,ztf,59550.553044000175,1796553043115015005,2,1796553043115,20.250692,1,1796,4.0349054,20.092304,20.0367,0.19573566,0.3377,203.3265601,3.4069783,0.74857146,t17_f5_c3,0.99700546,20.065,0.4438,476120231.0,True,False,False,correction_1.0.6,0.0,
