,tid,mjd,candid,fid,pid,diffmaglim,isdiffpos,nid,distnr,magpsf,magpsf_corr,magap,sigmapsf,sigmapsf_corr,sigmapsf_corr_ext,sigmagap,ra,dec,rb,rbversion,magapbig,sigmagapbig,has_stamp,corrected,dubious,step_id_corr,phase,parent_candid,drb,rfid
0,ztf,59225.194594900124,1471194591015015013,1,1471194591015,20.2307,1,1471,0.508896,20.2817,20.020636,20.4728,0.229409,0.1792563,0.1803786,0.3544,77.3501354,8.3338069,0.604286,t17_f5_c3,20.9169,0.6832,False,True,False,bulk_1.0.0,0.0,1471268621015015015,,
1,ztf,59225.268622700125,1471268621015015015,2,1471268621015,20.276003,1,1471,0.23367596,19.95325,19.601955,19.9208,0.17176652,0.12153881,0.124285415,0.2657,77.3500552,8.3336742,0.8742857,t17_f5_c3,19.8554,0.3205,True,True,False,bulk_1.0.0,0.0,0,0.9999745,510120210.0
