,tid,mjd,candid,fid,pid,diffmaglim,isdiffpos,nid,distnr,magpsf,magpsf_corr,magap,sigmapsf,sigmapsf_corr,sigmapsf_corr_ext,sigmagap,ra,dec,rb,rbversion,magapbig,sigmagapbig,has_stamp,corrected,dubious,step_id_corr,phase,parent_candid,drb,rfid
0,ztf,59435.198958300054,1681198954115015028,1,1681198954115,20.6757,1,1681,0.793725,20.6568,18.853302,21.0531,0.310396,0.03665543,0.05895456,0.5763,256.7995141,63.3926686,0.821429,t17_f5_c3,20.4316,0.409,False,True,False,correction_1.0.6,0.0,1.686263254115015e+18,,
1,ztf,59438.18304400006,1684183044115015008,2,1684183044115,20.3719,1,1684,0.818054,20.2545,18.010977,20.866,0.258929,100.0,0.03279229,0.7163,256.7993659,63.3926633,0.692857,t17_f5_c3,20.6849,0.7633,False,True,False,correction_1.0.6,0.0,1.686263254115015e+18,,
2,ztf,59438.228506899904,1684228504115015009,1,1684228504115,20.3827,1,1684,0.99845,20.0927,18.721186,20.1127,0.303711,0.075515896,0.08587267,0.3141,256.7993845,63.3926787,0.788571,t17_f5_c3,19.8195,0.303,False,True,False,correction_1.0.6,0.0,1.686263254115015e+18,,
3,ztf,59440.22055559978,1686220554115015008,2,1686220554115,20.2531,1,1686,1.08518,19.8691,17.953909,20.2448,0.246271,100.0,0.042202335,0.4317,256.7992168,63.3925973,0.821429,t17_f5_c3,20.2275,0.5358,False,True,False,correction_1.0.6,0.0,1.686263254115015e+18,,
4,ztf,59440.26325230021,1686263254115015008,1,1686263254115,20.405525,1,1686,0.9603556,19.822033,18.637575,19.6661,0.16294867,0.03953579,0.054735344,0.2083,256.7994112,63.3925858,0.8857143,t17_f5_c3,19.3687,0.2001,True,True,False,correction_1.0.6,0.0,,0.9999974,825120141.0
