,tid,mjd,candid,fid,pid,diffmaglim,isdiffpos,nid,distnr,magpsf,magpsf_corr,magap,sigmapsf,sigmapsf_corr,sigmapsf_corr_ext,sigmagap,ra,dec,rb,rbversion,magapbig,sigmagapbig,has_stamp,corrected,dubious,step_id_corr,phase,parent_candid,drb,rfid
0,ztf,59427.30554400012,1673305543815015001,1,1673305543815,20.6172,1,1673,0.376526,20.6683,19.690714,19.8861,0.238896,0.09544292,0.097089976,0.2143,287.7346283,63.0241891,0.448571,t17_f5_c3,19.8611,0.2725,False,True,False,correction_1.0.6,0.0,1.675371653815015e+18,,
1,ztf,59427.34980319999,1673349803815015004,2,1673349803815,20.5471,1,1673,0.400908,20.4765,19.046427,21.018,0.293635,0.07271274,0.07866455,0.6598,287.7345053,63.0241699,0.701429,t17_f5_c3,21.0687,0.8912,False,True,False,correction_1.0.6,0.0,1.675371653815015e+18,,
2,ztf,59429.32988430001,1675329883815015002,1,1675329883815,20.6344,1,1675,0.298111,20.7656,19.729212,20.695,0.379816,0.14505513,0.14622383,0.4378,287.7345438,63.0241674,0.72,t17_f5_c3,21.4446,1.1333,False,True,False,correction_1.0.6,0.0,1.675371653815015e+18,,
3,ztf,59429.371655100025,1675371653815015000,2,1675371653815,20.49742,1,1675,0.39393717,20.3508,19.011301,19.959,0.2102161,0.053878624,0.06121619,0.2586,287.7345585,63.0241957,0.7614286,t17_f5_c3,20.4635,0.528,True,True,False,correction_1.0.6,0.0,,0.99968815,827120238.0
