,tid,mjd,candid,fid,pid,diffmaglim,isdiffpos,nid,distnr,magpsf,magpsf_corr,magap,sigmapsf,sigmapsf_corr,sigmapsf_corr_ext,sigmagap,ra,dec,rb,rbversion,magapbig,sigmagapbig,has_stamp,corrected,dubious,step_id_corr,phase,parent_candid,drb,rfid
0,ztf,59497.37983800005,1743379832615015005,1,1743379832615,20.3242,1,1743,0.910161,20.499,20.030893,20.8383,0.301357,0.1944006,0.19581172,0.5061,28.456799,10.5607747,0.685714,t17_f5_c3,21.0387,0.7797,False,True,False,correction_1.0.6,0.0,1.747407822615015e+18,,
1,ztf,59501.407824099995,1747407822615015007,1,1747407822615,20.63038,1,1747,1.2521169,20.38719,19.956947,20.2895,0.19259326,0.1277142,0.12958176,0.3009,28.4566963,10.5608099,0.8242857,t17_f5_c3,20.5323,0.4818,True,True,False,correction_1.0.6,0.0,,0.9999585,503120126.0
2,ztf,59503.3394559999,1749339452615015003,1,1749339452615,19.661,1,1749,1.30853,20.001,19.682653,20.3113,0.277287,0.20611714,0.20681922,0.5659,28.45668,10.5608115,0.594286,t17_f5_c3,19.6437,0.3933,False,True,False,correction_1.0.6,0.0,1.763290002615015e+18,,
3,ztf,59503.36556709977,1749365562615015004,2,1749365562615,19.9337,1,1749,1.23401,20.2449,19.548824,19.7477,0.267563,0.1343358,0.14092746,0.3372,28.4567186,10.5608227,0.391429,t17_f5_c3,19.4037,0.3152,False,True,False,correction_1.0.6,0.0,1.763290002615015e+18,,
4,ztf,59505.27616900019,1751276162615015004,2,1751276162615,19.5773,1,1751,1.23832,20.0893,19.464098,19.5148,0.298686,0.16324517,0.16793226,0.3662,28.4567776,10.5606169,0.337143,t17_f5_c3,19.5093,0.4676,False,True,False,correction_1.0.6,0.0,1.763290002615015e+18,,
5,ztf,59517.29000000004,1763290002615015011,2,1763290002615,20.6325,1,1763,1.037355,20.659773,19.747566,20.2989,0.19031149,0.06427471,0.082145266,0.3409,28.456775,10.5607998,0.5257143,t17_f5_c3,19.8551,0.2898,True,True,False,correction_1.0.6,0.0,,0.99924815,503120226.0
