,tid,mjd,candid,fid,pid,diffmaglim,isdiffpos,nid,distnr,magpsf,magap,sigmapsf,sigmagap,ra,dec,rb,rbversion,drb,magapbig,sigmagapbig,rfid,has_stamp,corrected,dubious,step_id_corr,phase,parent_candid
0,ztf,59622.328877300024,1868328872215015006,2,1868328872215,19.406689,1,1868,5.412033,19.206173,19.4166,0.16049992,0.2678,120.1554262,46.1994402,0.47857141,t17_f5_c3,0.99984074,19.6429,0.4233,748120222.0,True,False,False,correction_1.0.6,0.0,
1,ztf,59624.26621530019,1870266212215015008,1,1870266212215,19.44837,1,1870,1.6250355,19.159111,19.1522,0.14193203,0.2848,120.1553211,46.1995649,0.8457143,t17_f5_c3,0.9994085,19.3617,0.4436,748120122.0,True,False,False,correction_1.0.6,0.0,
2,ztf,59624.3424769002,1870342472215015009,2,1870342472215,19.563173,1,1870,5.586771,19.290691,19.2137,0.17543636,0.2776,120.1553329,46.199422,0.56714284,t17_f5_c3,0.99999833,19.0066,0.2946,748120222.0,True,False,False,correction_1.0.6,0.0,
3,ztf,59636.162465299945,1882162462215015010,2,1882162462215,20.472845,1,1882,5.461021,19.535969,19.4826,0.1159515,0.1564,120.1553464,46.1994595,0.79571426,t17_f5_c3,0.9996817,19.5342,0.2103,748120222.0,True,False,False,correction_1.0.6,0.0,
4,ztf,59636.22160879988,1882221602215015051,1,1882221602215,20.7169,1,1882,2.06871,20.8828,20.3726,0.244857,0.2887,120.1553379,46.1994371,0.218571,t17_f5_c3,,20.7638,0.5305,,False,False,False,correction_1.0.6,0.0,1.884217242215015e+18
5,ztf,59638.21724539995,1884217242215015016,2,1884217242215,19.596472,1,1884,5.7294393,19.594913,19.5772,0.19957364,0.3182,120.1551912,46.1994462,0.5814286,t17_f5_c3,0.9663529,19.6189,0.4247,748120222.0,True,False,False,correction_1.0.6,0.0,
6,ztf,59640.26387730008,1886263872215015019,2,1886263872215,20.556107,1,1886,5.5546465,19.846973,19.632,0.12955981,0.1679,120.155373,46.1994163,0.5985714,t17_f5_c3,0.99958926,19.8126,0.254,748120222.0,True,False,False,correction_1.0.6,0.0,
