,tid,mjd,candid,fid,pid,diffmaglim,isdiffpos,nid,distnr,magpsf,magpsf_corr,magap,sigmapsf,sigmapsf_corr,sigmapsf_corr_ext,sigmagap,ra,dec,rb,rbversion,magapbig,sigmagapbig,has_stamp,corrected,dubious,step_id_corr,phase,parent_candid,drb,rfid
0,ztf,59622.38432870014,1868384323015015002,1,1868384323015,19.6594,1,1868,1.1516,19.3398,18.357756,18.9479,0.147746,0.049646925,0.05979957,0.1638,155.5818355,67.4217368,0.11,t17_f5_c3,18.1103,0.0989,False,True,False,correction_1.0.6,0.0,1.870267733015015e+18,,
1,ztf,59624.26773149986,1870267733015015005,1,1870267733015,19.721842,1,1870,0.73024917,19.080864,18.245417,18.7141,0.11392562,0.043381136,0.05277675,0.164,155.5815468,67.4218086,0.86285716,t17_f5_c3,18.1375,0.1246,True,True,False,correction_1.0.6,0.0,,0.99273694,842120130.0
2,ztf,59627.453252300154,1873453253015015011,1,1873453253015,18.9756,1,1873,1.37719,19.0943,18.251621,18.6924,0.157857,0.06605395,0.07264275,0.2194,155.581839,67.4216614,0.705714,t17_f5_c3,18.0772,0.162,False,True,False,correction_1.0.6,0.0,1.875349403015015e+18,,
3,ztf,59629.349409699906,1875349403015015005,2,1875349403015,19.863066,1,1875,0.6946014,19.121931,17.520838,19.0011,0.120581605,100.0,0.02759585,0.1712,155.5814821,67.4218853,0.9628571,t17_f5_c3,18.6761,0.1651,True,True,False,correction_1.0.6,0.0,,0.9998313,842120230.0
4,ztf,59636.218645799905,1882218643015015012,1,1882218643015,20.639221,1,1882,0.6287726,19.768906,18.511627,19.5547,0.12223711,100.0,0.038396522,0.1545,155.5816024,67.4218512,0.89857143,t17_f5_c3,18.872,0.1099,True,True,False,correction_1.0.6,0.0,,0.9996908,842120130.0
5,ztf,59638.40825230023,1884408253015015011,1,1884408253015,20.182304,1,1884,0.5462041,19.862175,18.540071,19.6169,0.20141765,0.044695266,0.05960134,0.1856,155.5816346,67.4218971,0.29714286,t17_f5_c3,18.7783,0.1134,True,True,False,correction_1.0.6,0.0,,0.9258406,842120130.0
