,tid,mjd,candid,fid,pid,diffmaglim,isdiffpos,nid,distnr,magpsf,magap,sigmapsf,sigmagap,ra,dec,rb,rbversion,drb,magapbig,sigmagapbig,rfid,has_stamp,corrected,dubious,step_id_corr,phase,parent_candid
0,ztf,59623.27287039999,1869272875415015002,2,1869272875415,19.8753,1,1869,2.0722177,19.261404,19.2407,0.14621784,0.2335,130.8168349,71.8198866,0.93142855,t17_f5_c3,0.99987054,19.5311,0.39,840120254.0,True,False,False,correction_1.0.6,0.0,
1,ztf,59625.26225689985,1871262255415015002,2,1871262255415,19.630173,1,1871,1.8812106,19.317043,19.0719,0.18186834,0.2357,130.8170385,71.8199347,0.8842857,t17_f5_c3,0.98199546,19.1359,0.3203,840120254.0,True,False,False,correction_1.0.6,0.0,
2,ztf,59628.40659719985,1874406595415015003,2,1874406595415,19.204943,1,1874,2.3695853,19.253412,19.0407,0.18447608,0.2805,130.8165602,71.8198673,0.7942857,t17_f5_c3,0.9988247,19.0309,0.3562,840120254.0,True,False,False,correction_1.0.6,0.0,
3,ztf,59637.214849499986,1883214845415015004,1,1883214845415,19.9974,1,1883,1.51931,20.2795,20.118,0.349524,0.352,130.8171857,71.819957,0.741429,t17_f5_c3,,20.1874,0.4795,,False,False,False,correction_1.0.6,0.0,1.885154315415015e+18
4,ztf,59639.15431710007,1885154315415015003,2,1885154315415,20.064802,1,1885,2.070065,19.550407,19.3181,0.15067029,0.1843,130.8168468,71.819909,0.8657143,t17_f5_c3,0.9999652,19.0665,0.1863,840120254.0,True,False,False,correction_1.0.6,0.0,
