,tid,mjd,candid,fid,pid,diffmaglim,isdiffpos,nid,distnr,magpsf,magpsf_corr,magap,sigmapsf,sigmapsf_corr,sigmapsf_corr_ext,sigmagap,ra,dec,rb,rbversion,magapbig,sigmagapbig,has_stamp,corrected,dubious,step_id_corr,phase,parent_candid,drb,rfid
0,ztf,59621.46853009984,1867468533115025001,1,1867468533115,20.4606,1,1867,1.20418,20.056,19.705877,19.9033,0.174831,0.122608095,0.12663959,0.2169,173.0805826,68.0695036,0.737143,t17_f5_c3,19.8607,0.2667,False,True,False,correction_1.0.6,0.0,1.882405913115015e+18,,
1,ztf,59621.46853009984,1867468533115015002,1,1867468533115,20.454697,1,1867,1.2114791,20.067583,19.714256,19.9803,0.17742515,0.1240941,0.12813982,0.2338,173.0805872,68.0695059,0.7714286,t17_f5_c3,19.9693,0.2962,True,True,False,correction_1.0.6,0.0,,0.99952245,843120131.0
2,ztf,59623.2378934999,1869237893115015005,1,1869237893115,19.585646,1,1869,1.3146075,19.627682,19.379784,19.3116,0.21135247,0.16656227,0.16820844,0.2863,173.0806721,68.0694644,0.47,t17_f5_c3,19.6973,0.5241,True,True,False,correction_1.0.6,0.0,,0.9950203,843120131.0
3,ztf,59623.36276620021,1869362763115015002,2,1869362763115,19.9633,1,1869,1.1526139,19.796772,19.35776,20.0649,0.16795105,0.107929684,0.11209285,0.4377,173.0805314,68.0694679,0.85,t17_f5_c3,20.1129,0.5873,True,True,False,correction_1.0.6,0.0,,0.9999672,843120231.0
4,ztf,59636.40591439977,1882405913115015001,2,1882405913115,20.548363,1,1882,1.0842365,20.347088,19.692595,20.1239,0.20276874,0.1030385,0.11096951,0.2772,173.0804241,68.0693934,0.5814286,t17_f5_c3,20.2044,0.3817,True,True,False,correction_1.0.6,0.0,,0.99974585,843120231.0
5,ztf,59641.27337960014,1887273373115015007,2,1887273373115,20.601078,1,1887,0.9113985,20.490294,19.76862,20.1712,0.20762901,0.09724332,0.10681154,0.2926,173.0803451,68.0694619,0.56857145,t17_f5_c3,20.1701,0.3743,True,True,False,correction_1.0.6,0.0,,0.99278474,843120231.0
