,tid,mjd,candid,fid,pid,diffmaglim,isdiffpos,nid,distnr,magpsf,magpsf_corr,magap,sigmapsf,sigmapsf_corr,sigmapsf_corr_ext,sigmagap,ra,dec,rb,rbversion,drb,magapbig,sigmagapbig,rfid,has_stamp,corrected,dubious,step_id_corr,phase,parent_candid
0,ztf,59550.472638899926,1796472633315010004,1,1796472633315,20.631638,-1,1796,0.7912006,19.840372,17.836155,19.7619,0.1770783,100.0,0.0279562,0.1876,185.0661799,56.6262646,0.9514286,t17_f5_c3,0.999673,19.6153,0.2049,789120133.0,True,True,False,correction_1.0.6,0.0,
1,ztf,59636.40638889978,1882406383315015001,2,1882406383315,20.532848,1,1882,0.23966624,18.486542,16.658888,18.603,0.084025726,100.0,0.015608137,0.0768,185.0665904,56.6264402,0.95857143,t17_f5_c3,0.9999803,18.5936,0.0933,789120233.0,True,True,False,correction_1.0.6,0.0,
2,ztf,59636.444861100055,1882444863315015000,1,1882444863315,20.436592,1,1882,0.38751662,18.43995,17.24022,18.3133,0.08462552,100.0,0.028029077,0.0518,185.0666764,56.6263522,0.93,t17_f5_c3,0.9999995,18.2914,0.0628,789120133.0,True,True,False,correction_1.0.6,0.0,
3,ztf,59636.47037040023,1882470374515015000,2,1882470374515,20.2532,1,1882,0.683148,18.4215,16.657764,18.2801,0.099095,100.0,0.019523505,0.0631,185.0668375,56.6264243,0.16,t17_f5_c3,,18.2981,0.0788,,False,True,False,correction_1.0.6,0.0,1.885318693315015e+18
4,ztf,59639.31869209977,1885318693315015001,1,1885318693315,20.180878,1,1885,0.37780383,18.224443,17.164003,18.0848,0.072826415,100.0,0.027422851,0.042,185.066691,56.6263899,0.73571426,t17_f5_c3,0.99974823,18.0755,0.0513,789120133.0,True,True,False,correction_1.0.6,0.0,
5,ztf,59676.349074100144,1922349073315015000,2,1922349073315,20.00926,1,1922,1.0331587,19.14938,16.755188,19.3025,0.12958038,100.0,0.014284408,0.1585,185.0666952,56.626689,0.85,t17_f5_c3,0.99945104,19.0367,0.1539,789120233.0,True,True,False,correction_1.0.6,0.0,
