,tid,mjd,candid,fid,pid,diffmaglim,isdiffpos,nid,distnr,magpsf,magap,sigmapsf,sigmagap,ra,dec,rb,rbversion,magapbig,sigmagapbig,has_stamp,corrected,dubious,step_id_corr,phase,parent_candid,drb,rfid
0,ztf,59637.391979199834,1883391972815015001,1,1883391972815,20.3692,1,1883,3.36208,19.9217,19.8162,0.226029,0.1797,198.7186013,54.7979403,0.225714,t17_f5_c3,19.8414,0.2346,False,False,False,correction_1.0.6,0.0,1.885323632815015e+18,,
1,ztf,59639.25846059993,1885258462815015000,2,1885258462815,20.0648,1,1885,2.6288,19.8664,20.1466,0.265906,0.3476,198.7189236,54.7981031,0.745714,t17_f5_c3,19.5854,0.2658,False,False,False,correction_1.0.6,0.0,1.885323632815015e+18,,
2,ztf,59639.323634299915,1885323632815015000,1,1885323632815,20.2693,1,1885,3.4776652,19.980135,19.8965,0.21309146,0.201,198.7187366,54.7980191,0.33857143,t17_f5_c3,19.8545,0.2469,True,False,False,correction_1.0.6,0.0,,0.9447332,791120128.0
3,ztf,59641.33167820005,1887331672815015000,2,1887331672815,20.605415,1,1887,2.1866643,20.113081,20.0252,0.18550663,0.2507,198.7188169,54.7979792,0.8642857,t17_f5_c3,19.779,0.2547,True,False,False,correction_1.0.6,0.0,,0.9999963,791120228.0
