,tid,mjd,candid,fid,pid,diffmaglim,isdiffpos,nid,distnr,magpsf,magpsf_corr,magap,sigmapsf,sigmapsf_corr,sigmapsf_corr_ext,sigmagap,ra,dec,rb,rbversion,magapbig,sigmagapbig,has_stamp,corrected,dubious,step_id_corr,phase,parent_candid,drb,rfid
0,ztf,59624.26820599986,1870268201915015001,1,1870268201915,19.5867,1,1870,0.371769,19.9875,19.453485,19.9672,0.298686,0.1812982,0.18264562,0.5973,173.0287751,60.6976483,0.568571,t17_f5_c3,19.4487,0.4763,False,True,False,correction_1.0.6,0.0,1.875348931915015e+18,,
1,ztf,59629.3489351999,1875348931915015006,2,1875348931915,19.78444,1,1875,0.060877796,19.92378,18.712765,20.1406,0.16917267,0.049893837,0.05545283,0.4956,173.0286842,60.697732,0.9557143,t17_f5_c3,20.0988,0.6114,True,True,False,correction_1.0.6,0.0,,0.9999968,818120219.0
