,tid,mjd,candid,fid,pid,diffmaglim,isdiffpos,nid,distnr,magpsf,magpsf_corr,magap,sigmapsf,sigmapsf_corr,sigmapsf_corr_ext,sigmagap,ra,dec,rb,rbversion,magapbig,sigmagapbig,has_stamp,corrected,dubious,step_id_corr,phase,parent_candid,drb,rfid
0,ztf,59637.36226850003,1883362264715015007,1,1883362264715,20.4115,1,1883,0.25272,20.6177,19.517391,20.5043,0.327065,0.11342847,0.11871633,0.3385,211.4614784,48.3452036,0.598571,t17_f5_c3,20.5915,0.4689,False,True,False,correction_1.0.6,0.0,1.887350184715015e+18,,
1,ztf,59639.30370370019,1885303704715015008,2,1885303704715,19.9856,1,1885,1.24417,20.1659,18.577917,20.4625,0.269074,0.053322297,0.062327374,0.4267,211.4615486,48.3448777,0.695714,t17_f5_c3,20.5022,0.5655,False,True,False,correction_1.0.6,0.0,1.887350184715015e+18,,
2,ztf,59639.41133099981,1885411334715015005,1,1885411334715,20.1602,1,1885,0.430826,20.2973,19.389902,20.3205,0.356669,0.15146337,0.1546343,0.2708,211.4617599,48.3451573,0.201429,t17_f5_c3,19.959,0.2487,False,True,False,correction_1.0.6,0.0,1.887350184715015e+18,,
3,ztf,59641.350185200106,1887350184715015008,1,1887350184715,20.694065,1,1887,0.17063135,20.38463,19.426905,20.2465,0.20945066,0.08047888,0.086694464,0.2671,211.461566,48.3452308,0.92285717,t17_f5_c3,20.1841,0.3225,True,True,False,correction_1.0.6,0.0,,0.99995714,758120147.0
