,tid,mjd,candid,fid,pid,diffmaglim,isdiffpos,nid,distnr,magpsf,magpsf_corr,magap,sigmapsf,sigmapsf_corr,sigmapsf_corr_ext,sigmagap,ra,dec,rb,rbversion,magapbig,sigmagapbig,has_stamp,corrected,dubious,step_id_corr,phase,parent_candid,drb,rfid
0,ztf,59637.39150460018,1883391505515015010,1,1883391505515,20.3221,1,1883,0.684199,20.5045,19.284243,20.6998,0.383991,0.12052216,0.124801114,0.401,206.9664523,50.0972595,0.755714,t17_f5_c3,20.2256,0.3316,False,True,False,correction_1.0.6,0.0,1.887363145515015e+18,,
1,ztf,59637.40921299998,1883409215515015005,2,1883409215515,20.1151,1,1883,0.338274,20.3777,18.620224,20.8601,0.27992,0.04874971,0.055468094,0.6607,206.9663917,50.0971753,0.938571,t17_f5_c3,20.7122,0.7379,False,True,False,correction_1.0.6,0.0,1.887363145515015e+18,,
2,ztf,59639.302743100096,1885302745515015005,2,1885302745515,20.009,1,1885,0.59032,20.1658,18.57482,20.955,0.242602,0.049965434,0.056040525,0.6831,206.9666842,50.0970129,0.752857,t17_f5_c3,20.6448,0.6567,False,True,False,correction_1.0.6,0.0,1.887363145515015e+18,,
3,ztf,59641.36314810021,1887363145515015010,2,1887363145515,20.51196,1,1887,0.6046449,20.246218,18.592875,20.2805,0.20131786,0.035526734,0.04390811,0.3195,206.9666379,50.0972119,0.95428574,t17_f5_c3,20.0509,0.33,True,True,False,correction_1.0.6,0.0,,0.9999827,757120255.0
