,tid,mjd,candid,fid,pid,diffmaglim,isdiffpos,nid,distnr,magpsf,magpsf_corr,magap,sigmapsf,sigmapsf_corr,sigmapsf_corr_ext,sigmagap,ra,dec,rb,rbversion,magapbig,sigmagapbig,has_stamp,corrected,dubious,step_id_corr,phase,parent_candid,drb,rfid
0,ztf,59636.41407410009,1882414074015015014,2,1882414074015,20.7443,1,1882,0.901236,20.893,19.42869,20.7358,0.295019,0.07092919,0.07658191,0.4093,172.4477338,20.3785371,0.574286,t17_f5_c3,21.0853,0.7222,False,True,False,correction_1.0.6,0.0,1.882454004015015e+18,,
1,ztf,59636.45400460018,1882454004015015013,1,1882454004015,20.400522,1,1882,0.8894176,20.497498,19.650927,20.483,0.21246624,0.09418529,0.09742305,0.3567,172.4474845,20.3784287,0.75285715,t17_f5_c3,20.5117,0.4688,True,True,False,correction_1.0.6,0.0,,0.9926634,574120140.0
2,ztf,59639.27975689992,1885279754015015023,1,1885279754015,20.32862,1,1885,0.83033043,20.20978,19.509491,20.0069,0.19182685,0.09824163,0.100645445,0.2316,172.447619,20.3784438,0.7214286,t17_f5_c3,20.178,0.3466,True,True,False,correction_1.0.6,0.0,,0.9986903,574120140.0
3,ztf,59641.29853009991,1887298534015015010,2,1887298534015,20.676308,1,1887,0.7077769,20.107952,19.164621,19.8747,0.16174617,0.06395266,0.06784246,0.2047,172.447639,20.3785333,0.87142855,t17_f5_c3,19.9269,0.2746,True,True,False,correction_1.0.6,0.0,,0.99994713,574120240.0
