,tid,mjd,candid,fid,pid,diffmaglim,isdiffpos,nid,distnr,magpsf,magpsf_corr,magap,sigmapsf,sigmapsf_corr,sigmapsf_corr_ext,sigmagap,ra,dec,rb,rbversion,magapbig,sigmagapbig,has_stamp,corrected,dubious,step_id_corr,phase,parent_candid,drb,rfid
0,ztf,59621.48892359994,1867488921915015001,1,1867488921915,19.7938,1,1867,0.910345,20.094,19.471115,20.3143,0.285164,0.1576541,0.16067223,0.4237,288.3982997,75.1657557,0.541429,t17_f5_c3,20.5652,0.6849,False,True,False,correction_1.0.6,0.0,1.867534861915015e+18,,
1,ztf,59621.534861099906,1867534861915025000,2,1867534861915,19.9065,1,1867,0.779552,20.042,19.27584,19.9064,0.199588,0.09497274,0.09855321,0.3157,288.3990968,75.1657474,0.705714,t17_f5_c3,19.9889,0.4369,False,True,False,correction_1.0.6,0.0,1.876490971915015e+18,,
2,ztf,59621.534861099906,1867534861915015000,2,1867534861915,19.901794,1,1867,0.7642532,20.059244,19.28432,19.9607,0.19774115,0.09315214,0.09685632,0.3333,288.3991052,75.1657521,0.72,t17_f5_c3,20.084,0.4789,True,True,False,correction_1.0.6,0.0,,0.99917156,865120219.0
3,ztf,59623.47443290008,1869474431915015000,2,1869474431915,19.435307,1,1869,0.60631263,19.571877,19.018412,19.3072,0.201049,0.11895899,0.12075801,0.2865,288.3989845,75.1657921,0.45714286,t17_f5_c3,18.9513,0.2651,True,True,False,correction_1.0.6,0.0,,0.9516736,865120219.0
4,ztf,59628.5310531999,1874531053015015001,2,1874531053015,19.4546,1,1874,0.341623,19.9312,19.209085,20.6918,0.34641,0.17362227,0.17813309,0.9931,288.3987693,75.1659868,0.574286,t17_f5_c3,19.9434,0.6406,False,True,False,correction_1.0.6,0.0,1.876490971915015e+18,,
5,ztf,59630.49097219994,1876490971915015000,2,1876490971915,19.890865,1,1876,0.6936429,19.951908,19.230421,19.7908,0.2066393,0.10328018,0.10632072,0.3463,288.3984281,75.1658286,0.67714286,t17_f5_c3,19.6531,0.3917,True,True,False,correction_1.0.6,0.0,,0.99505985,865120219.0
