,tid,mjd,candid,fid,pid,diffmaglim,isdiffpos,nid,distnr,magpsf,magpsf_corr,magap,sigmapsf,sigmapsf_corr,sigmapsf_corr_ext,sigmagap,ra,dec,rb,rbversion,magapbig,sigmagapbig,has_stamp,corrected,dubious,step_id_corr,phase,parent_candid,drb,rfid
0,ztf,59636.41407410009,1882414075515015017,2,1882414075515,20.5326,1,1882,0.434165,20.6444,18.811161,20.3213,0.249323,0.010613904,0.046075124,0.3304,175.0897465,21.0490335,0.907143,t17_f5_c3,20.6964,0.594,False,True,False,correction_1.0.6,0.0,1.887298535515015e+18,,
1,ztf,59636.45400460018,1882454005515015014,1,1882454005515,20.4372,1,1882,0.653904,20.5858,19.094124,20.5716,0.290476,0.06288985,0.073525794,0.3683,175.0896047,21.0489397,0.731429,t17_f5_c3,20.1435,0.3176,False,True,False,correction_1.0.6,0.0,1.887298535515015e+18,,
2,ztf,59639.27975689992,1885279755515015013,1,1885279755515,20.3706,1,1885,0.361464,20.2418,18.996225,20.3471,0.247351,0.07040478,0.0785387,0.2983,175.0896597,21.0490316,0.912857,t17_f5_c3,20.298,0.3641,False,True,False,correction_1.0.6,0.0,1.887298535515015e+18,,
3,ztf,59641.29853009991,1887298535515015019,2,1887298535515,20.608683,1,1887,0.19359422,20.043196,18.67204,19.8363,0.14751194,0.013598102,0.04172204,0.2144,175.0896127,21.0490456,0.93142855,t17_f5_c3,19.7834,0.2596,True,True,False,correction_1.0.6,0.0,,0.99999994,574120255.0
