,tid,mjd,candid,fid,pid,diffmaglim,isdiffpos,nid,distnr,magpsf,magpsf_corr,magap,sigmapsf,sigmapsf_corr,sigmapsf_corr_ext,sigmagap,ra,dec,rb,rbversion,magapbig,sigmagapbig,has_stamp,corrected,dubious,step_id_corr,phase,parent_candid,drb,rfid
0,ztf,59637.365266200155,1883365263815015007,1,1883365263815,20.1733,1,1883,0.190444,20.0821,18.557169,19.9612,0.240298,0.054781694,0.058989894,0.2432,214.1147688,55.411224,0.831429,t17_f5_c3,19.8445,0.2783,False,True,False,correction_1.0.6,0.0,1.883435573815015e+18,,
1,ztf,59637.435578700155,1883435573815015010,2,1883435573815,20.37142,1,1883,0.40732068,19.585976,17.99947,19.4271,0.13697551,0.021875432,0.031771727,0.1616,214.1147488,55.4111206,0.98142856,t17_f5_c3,19.4599,0.2113,True,True,False,correction_1.0.6,0.0,,0.9999894,792120238.0
2,ztf,59639.30759260012,1885307593815015002,2,1885307593815,19.935488,1,1885,0.28038812,19.391157,17.951069,19.1868,0.1860762,0.044203345,0.049391877,0.1469,214.1146115,55.411154,0.80285716,t17_f5_c3,19.2231,0.193,True,True,False,correction_1.0.6,0.0,,0.99814343,792120238.0
3,ztf,59639.322164400015,1885322163815015006,1,1885322163815,19.982883,1,1885,0.39364257,19.880043,18.503975,19.7531,0.19258428,0.05006182,0.05422427,0.2114,214.1147992,55.4113087,0.7271429,t17_f5_c3,19.7881,0.2781,True,True,False,correction_1.0.6,0.0,,0.9929702,792120138.0
4,ztf,59641.39568290021,1887395683815015010,1,1887395683815,20.7191,1,1887,0.415481,20.2518,18.596437,19.8968,0.223367,0.043009926,0.04862656,0.1867,214.1148476,55.4111603,0.89,t17_f5_c3,19.9001,0.2376,False,True,False,correction_1.0.6,0.0,1.887410313815015e+18,,
5,ztf,59641.41031249985,1887410313815015010,2,1887410313815,20.502218,1,1887,0.28611192,19.47478,17.972645,19.3204,0.14274253,0.027843269,0.0357849,0.1412,214.1147584,55.4111634,0.97571427,t17_f5_c3,19.2925,0.1745,True,True,False,correction_1.0.6,0.0,,0.9999976,792120238.0
