,tid,mjd,candid,fid,pid,diffmaglim,isdiffpos,nid,distnr,magpsf,magpsf_corr,magap,sigmapsf,sigmapsf_corr,sigmapsf_corr_ext,sigmagap,ra,dec,rb,rbversion,drb,magapbig,sigmagapbig,rfid,has_stamp,corrected,dubious,step_id_corr,phase,parent_candid
0,ztf,59637.435578700155,1883435573915015000,2,1883435573915,20.35426,1,1883,0.96241826,19.88903,17.193325,20.0369,0.15835875,100.0,0.0132239,0.3067,216.4446784,55.7518941,0.9442857,t17_f5_c3,0.9992521,20.0347,0.3814,792120239.0,True,True,False,correction_1.0.6,0.0,
1,ztf,59639.30759260012,1885307593915015001,2,1885307593915,19.9698,1,1885,1.4537,19.2547,,19.2763,0.118483,,,0.167,216.4449274,55.751871,0.85,t17_f5_c3,,19.1966,0.194,,False,False,True,correction_1.0.6,0.0,1.885322163915015e+18
2,ztf,59639.322164400015,1885322163915015001,1,1885322163915,20.005844,1,1885,0.40004846,19.754726,18.002838,20.0842,0.17078364,100.0,0.034016587,0.2856,216.4444584,55.7519758,0.8528572,t17_f5_c3,0.9998635,19.9279,0.312,792120139.0,True,True,False,correction_1.0.6,0.0,
