,tid,mjd,candid,fid,pid,diffmaglim,isdiffpos,nid,distnr,magpsf,magpsf_corr,magap,sigmapsf,sigmapsf_corr,sigmapsf_corr_ext,sigmagap,ra,dec,rb,rbversion,magapbig,sigmagapbig,has_stamp,corrected,dubious,step_id_corr,phase,parent_candid,drb,rfid
0,ztf,59622.46649309993,1868466492415015007,1,1868466492415,19.8306,1,1868,0.388086,19.8833,19.53116,20.1763,0.229322,0.16416134,0.16580202,0.388,191.56321,61.2381733,0.555714,t17_f5_c3,19.9838,0.4168,False,True,False,correction_1.0.6,0.0,1.870534222415015e+18,,
1,ztf,59624.53422449995,1870534222415015006,1,1870534222415,19.858574,1,1870,0.26719332,19.726004,19.415201,19.7612,0.1705098,0.12634578,0.12806444,0.3341,191.5633514,61.2381827,0.7271429,t17_f5_c3,19.6804,0.3981,True,True,False,correction_1.0.6,0.0,,0.9999913,820120124.0
2,ztf,59629.42759260023,1875427592415015004,1,1875427592415,19.5289,1,1875,0.213305,19.6844,19.383806,19.3936,0.238131,0.17939557,0.18054208,0.2699,191.5633425,61.238198,0.395714,t17_f5_c3,19.4387,0.3608,False,True,False,correction_1.0.6,0.0,1.875487662415015e+18,,
3,ztf,59629.487662000116,1875487662415015007,2,1875487662415,19.935736,1,1875,0.4153986,19.547876,19.091257,19.8952,0.1502018,0.09308551,0.09863413,0.3712,191.5635398,61.2381889,0.88714284,t17_f5_c3,19.7342,0.4105,True,True,False,correction_1.0.6,0.0,,0.99988574,820120224.0
4,ztf,59636.47134259995,1882471342415015009,2,1882471342415,20.398598,1,1882,0.46531034,19.652529,19.15883,19.5955,0.13734895,0.07995682,0.08716585,0.1763,191.5633884,61.2381243,0.8757143,t17_f5_c3,19.8931,0.2953,True,True,False,correction_1.0.6,0.0,,0.999931,820120224.0
5,ztf,59636.510578699876,1882510572415015009,1,1882510572415,20.20216,1,1882,0.6360092,19.769794,19.447926,19.8197,0.19757974,0.14530146,0.14689085,0.202,191.5633477,61.2380789,0.4942857,t17_f5_c3,19.6311,0.2171,True,True,False,correction_1.0.6,0.0,,0.99737394,820120124.0
6,ztf,59639.26187499985,1885261872415015002,2,1885261872415,19.964558,1,1885,0.35133332,19.856192,19.283583,19.7848,0.1981658,0.11027386,0.11694603,0.2354,191.5635492,61.2381711,0.63857144,t17_f5_c3,19.6899,0.2758,True,True,False,correction_1.0.6,0.0,,0.99369574,820120224.0
