,tid,mjd,candid,fid,pid,diffmaglim,isdiffpos,nid,distnr,magpsf,magpsf_corr,magap,sigmapsf,sigmapsf_corr,sigmapsf_corr_ext,sigmagap,ra,dec,rb,rbversion,magapbig,sigmagapbig,has_stamp,corrected,dubious,step_id_corr,phase,parent_candid,drb,rfid
0,ztf,59637.222094899975,1883222091815015006,1,1883222091815,20.1666,1,1883,0.425419,20.0546,18.97778,20.3425,0.254021,0.084577985,0.094219565,0.3653,177.605681,39.0170705,0.834286,t17_f5_c3,20.3933,0.4886,False,True,False,correction_1.0.6,0.0,1.887311151815015e+18,,
1,ztf,59639.28460650006,1885284601815015011,1,1885284601815,20.3412,1,1885,0.977303,20.4513,19.10861,20.3314,0.326251,0.08233831,0.09472742,0.3076,177.6058978,39.0171286,0.708571,t17_f5_c3,20.2775,0.3733,False,True,False,correction_1.0.6,0.0,1.887311151815015e+18,,
2,ztf,59641.31115739979,1887311151815015011,2,1887311151815,20.556456,1,1887,0.4784532,20.53869,18.482851,20.2367,0.18949793,100.0,0.028527841,0.32,177.6057361,39.0171185,0.9142857,t17_f5_c3,20.1116,0.3621,True,True,False,correction_1.0.6,0.0,,0.9999989,714120218.0
