,tid,mjd,candid,fid,pid,diffmaglim,isdiffpos,nid,distnr,magpsf,magpsf_corr,magap,sigmapsf,sigmapsf_corr,sigmapsf_corr_ext,sigmagap,ra,dec,rb,rbversion,drb,magapbig,sigmagapbig,rfid,has_stamp,corrected,dubious,step_id_corr,phase,parent_candid
0,ztf,59623.36811339995,1869368116215015003,2,1869368116215,19.914787,1,1869,0.117621794,19.793709,17.656635,19.6421,0.21705507,100.0,0.030320784,0.3103,207.5805806,57.2535154,0.95714283,t17_f5_c3,0.99908376,19.5906,0.3765,792120262.0,True,True,False,correction_1.0.6,0.0,
1,ztf,59625.362430599984,1871362436215015005,1,1871362436215,19.2798,1,1871,0.531072,19.7627,18.26811,19.4436,0.290707,0.0652228,0.073387094,0.3644,207.5805892,57.2533657,0.851429,t17_f5_c3,,19.058,0.3277,,False,True,False,correction_1.0.6,0.0,1.876369686215015e+18
2,ztf,59630.369687499944,1876369686215015008,2,1876369686215,20.076727,1,1876,0.06605597,19.578491,17.623882,19.505,0.137598,100.0,0.02273887,0.2503,207.5805598,57.2534772,0.95714283,t17_f5_c3,0.99993074,19.1891,0.2378,792120262.0,True,True,False,correction_1.0.6,0.0,
3,ztf,59630.450659700204,1876450656215015009,1,1876450656215,19.996296,1,1876,0.25814107,19.992994,18.3218,19.6208,0.20780548,0.027174246,0.044584036,0.2792,207.580517,57.2534502,0.89857143,t17_f5_c3,0.9999993,19.678,0.3762,792120162.0,True,True,False,correction_1.0.6,0.0,
