,tid,mjd,candid,fid,pid,diffmaglim,isdiffpos,nid,distnr,magpsf,magpsf_corr,magap,sigmapsf,sigmapsf_corr,sigmapsf_corr_ext,sigmagap,ra,dec,rb,rbversion,magapbig,sigmagapbig,has_stamp,corrected,dubious,step_id_corr,phase,parent_candid,drb,rfid
0,ztf,59672.30037039984,1918300374015025001,1,1918300374015,21.1149,1,1918,0.55016,20.8951,20.143974,21.4262,0.26919,0.13016345,0.13477482,0.559,195.4899509,27.8523674,0.745714,t17_f5_c3,21.0418,0.5031,False,True,False,correction_1.0.6,0.0,1.943255184015015e+18,,
1,ztf,59675.31988430023,1921319884015015002,1,1921319884015,20.7436,1,1921,0.056182,20.787,20.088509,20.2889,0.208073,0.10418419,0.10934995,0.2672,195.4901083,27.8524031,0.622857,t17_f5_c3,20.4117,0.3829,False,True,False,correction_1.0.6,0.0,1.943255184015015e+18,,
2,ztf,59677.31707180012,1923317074015015003,1,1923317074015,20.2332,1,1923,0.602285,20.6837,20.032997,20.8024,0.336974,0.18235058,0.18506102,0.5758,195.4901048,27.852563,0.664286,t17_f5_c3,20.9511,0.8471,False,True,False,correction_1.0.6,0.0,1.943255184015015e+18,,
3,ztf,59693.34087960003,1939340874015015001,1,1939340874015,20.4665,1,1939,0.436587,21.0117,20.200788,21.3021,0.411725,0.1915852,0.19509332,0.7847,195.4900775,27.8525103,0.524286,t17_f5_c3,21.2052,0.9215,False,True,False,correction_1.0.6,0.0,1.943255184015015e+18,,
4,ztf,59697.2551851999,1943255184015015002,1,1943255184015,20.930645,1,1943,0.1949832,20.834145,20.113028,20.7186,0.21679653,0.10628819,0.111585,0.3416,195.4900752,27.8524292,0.75857145,t17_f5_c3,20.5934,0.3899,True,True,False,correction_1.0.6,0.0,,0.9990883,626120140.0
