,tid,mjd,candid,fid,pid,diffmaglim,isdiffpos,nid,distnr,magpsf,magap,sigmapsf,sigmagap,ra,dec,rb,rbversion,drb,magapbig,sigmagapbig,rfid,has_stamp,corrected,dubious,step_id_corr,phase,parent_candid
0,ztf,59623.366666700225,1869366663515015001,2,1869366663515,19.579662,1,1869,4.475826,19.001217,19.0517,0.1403005,0.2369,241.4193292,69.5935353,0.89285713,t17_f5_c3,0.99999917,19.231,0.3548,846120235.0,True,False,False,correction_1.0.6,0.0,
1,ztf,59623.42658559978,1869426584715015007,1,1869426584715,19.6826,1,1869,2.87167,19.9785,19.6878,0.303641,0.3664,241.4192312,69.5935007,0.43,t17_f5_c3,,19.4582,0.3792,,False,False,False,correction_1.0.6,0.0,1.869532553515015e+18
2,ztf,59623.532557900064,1869532553515015008,1,1869532553515,20.186224,1,1869,2.9672558,20.017605,19.8438,0.21074821,0.2722,241.4192876,69.5935966,0.6142857,t17_f5_c3,0.9999559,19.7803,0.325,846120135.0,True,False,False,correction_1.0.6,0.0,
3,ztf,59625.40498840017,1871404984715015021,2,1871404984715,19.61432,1,1871,4.852902,19.088112,19.135,0.16605687,0.2518,241.4193011,69.5935415,0.8657143,t17_f5_c3,0.9999219,19.0322,0.2908,847120247.0,True,False,False,correction_1.0.6,0.0,
4,ztf,59628.4245023001,1874424503515015000,2,1874424503515,19.448816,1,1874,4.6434965,19.093384,19.3008,0.17115396,0.3085,241.4194502,69.5935089,0.70857143,t17_f5_c3,0.9999175,19.4799,0.4635,846120235.0,True,False,False,correction_1.0.6,0.0,
