,tid,mjd,candid,fid,pid,diffmaglim,isdiffpos,nid,distnr,magpsf,magpsf_corr,magap,sigmapsf,sigmapsf_corr,sigmapsf_corr_ext,sigmagap,ra,dec,rb,rbversion,drb,magapbig,sigmagapbig,rfid,has_stamp,corrected,dubious,step_id_corr,phase,parent_candid
0,ztf,59625.40335649997,1871403353115015005,2,1871403353115,19.917688,1,1871,1.0770546,19.654625,18.203154,19.9148,0.19051269,0.021937955,0.050042104,0.4233,202.0151116,60.727779,0.9128571,t17_f5_c3,0.99978834,20.1141,0.6513,821120231.0,True,True,False,correction_1.0.6,0.0,
1,ztf,59628.39409720013,1874394093115015015,1,1874394093115,19.3996,1,1874,0.964987,19.7577,18.930367,19.1834,0.255322,0.11536421,0.1191667,0.2648,202.0152581,60.7279103,0.498571,t17_f5_c3,,19.0013,0.2878,,False,True,False,correction_1.0.6,0.0,1.876371603115015e+18
2,ztf,59628.45336809987,1874453363115015002,2,1874453363115,19.7154,1,1874,1.12902,19.7462,18.22647,19.4886,0.257999,0.04402561,0.06363939,0.2957,202.0152298,60.727794,0.888571,t17_f5_c3,,19.2333,0.2995,,False,True,False,correction_1.0.6,0.0,1.876371603115015e+18
3,ztf,59630.37160879979,1876371603115015005,2,1876371603115,20.295767,1,1876,0.86664695,19.936167,18.270332,19.8051,0.16467434,100.0,0.035505217,0.289,202.0151055,60.7278424,0.8957143,t17_f5_c3,0.99996054,19.546,0.2908,821120231.0,True,True,False,correction_1.0.6,0.0,
