,tid,mjd,candid,fid,pid,diffmaglim,isdiffpos,nid,distnr,magpsf,magpsf_corr,magap,sigmapsf,sigmapsf_corr,sigmapsf_corr_ext,sigmagap,ra,dec,rb,rbversion,drb,magapbig,sigmagapbig,rfid,has_stamp,corrected,dubious,step_id_corr,phase,parent_candid
0,ztf,59622.50523150014,1868505236015015012,1,1868505236015,20.254946,1,1868,0.42165878,19.801908,19.401003,19.7928,0.16129312,0.10629434,0.11149454,0.2105,154.5450333,43.5046756,0.8757143,t17_f5_c3,0.99996424,19.6883,0.2445,712120160.0,True,True,False,correction_1.0.6,0.0,
1,ztf,59624.24196759984,1870241966015015009,1,1870241966015,19.4595,1,1870,0.955616,19.833,19.4224,19.9445,0.291364,0.19664319,0.19961618,0.5543,154.5447984,43.5046676,0.6,t17_f5_c3,,19.4888,0.4679,,False,True,False,correction_1.0.6,0.0,1.870348936015015e+18
2,ztf,59624.3489351999,1870348936015015005,2,1870348936015,19.830114,1,1870,0.5880128,19.88298,19.293468,20.1941,0.19384198,0.10698719,0.11262712,0.5734,154.54495,43.5047515,0.7714286,t17_f5_c3,0.99898,20.3228,0.8286,712120260.0,True,True,False,correction_1.0.6,0.0,
