,tid,mjd,candid,fid,pid,diffmaglim,isdiffpos,nid,distnr,magpsf,magpsf_corr,magap,sigmapsf,sigmapsf_corr,sigmapsf_corr_ext,sigmagap,ra,dec,rb,rbversion,drb,magapbig,sigmagapbig,rfid,has_stamp,corrected,dubious,step_id_corr,phase,parent_candid
0,ztf,59622.52834489988,1868528340115015009,2,1868528340115,20.312681,1,1868,1.1356393,20.266968,18.375034,20.4042,0.18838999,100.0,0.03298257,0.4258,197.880234,59.2666414,0.95714283,t17_f5_c3,0.99994975,20.2564,0.4683,820120201.0,True,True,False,correction_1.0.6,0.0,
1,ztf,59624.53422449995,1870534220115015005,1,1870534220115,19.9759,1,1870,0.791245,20.236,18.66404,19.6907,0.311249,0.052961454,0.07316845,0.2993,197.8802052,59.2666659,0.591429,t17_f5_c3,,19.3508,0.2792,,False,True,False,correction_1.0.6,0.0,1.882471340115015e+18
2,ztf,59629.487662000116,1875487660115015006,2,1875487660115,19.8777,1,1875,0.891254,20.1381,18.35134,19.9378,0.289553,100.0,0.05585011,0.4227,197.8803813,59.2666579,0.837143,t17_f5_c3,,19.7362,0.4471,,False,True,False,correction_1.0.6,0.0,1.882471340115015e+18
3,ztf,59636.47134259995,1882471340115015005,2,1882471340115,20.332024,1,1882,0.96896946,20.228958,18.368282,20.1033,0.19419229,100.0,0.03499145,0.3272,197.8803556,59.2666793,0.9442857,t17_f5_c3,0.9999635,19.9454,0.3563,820120201.0,True,True,False,correction_1.0.6,0.0,
