,tid,mjd,candid,fid,pid,diffmaglim,isdiffpos,nid,distnr,magpsf,magpsf_corr,magap,sigmapsf,sigmapsf_corr,sigmapsf_corr_ext,sigmagap,ra,dec,rb,rbversion,drb,magapbig,sigmagapbig,rfid,has_stamp,corrected,dubious,step_id_corr,phase,parent_candid
0,ztf,59622.32993059978,1868329930915015002,2,1868329930915,19.776155,1,1868,0.30426905,19.672565,17.884623,20.3375,0.21633859,0.018928818,0.041682813,0.565,145.2752269,52.1963577,0.8657143,t17_f5_c3,0.99985504,20.6275,0.9423,786120209.0,True,True,False,correction_1.0.6,0.0,
1,ztf,59622.38724539988,1868387240915015008,1,1868387240915,19.614296,1,1868,0.33020058,19.725674,18.599731,19.6439,0.18710905,0.060244687,0.06633123,0.3001,145.2753003,52.1964791,0.7128571,t17_f5_c3,0.99907243,19.8435,0.462,786120109.0,True,True,False,correction_1.0.6,0.0,
2,ztf,59624.26677080011,1870266770915015006,1,1870266770915,19.7314,1,1870,0.43434,19.7687,18.61479,19.8423,0.220076,0.0706337,0.076034196,0.4447,145.2752686,52.1965214,0.888571,t17_f5_c3,,19.4071,0.3828,,False,True,False,correction_1.0.6,0.0,1.870364830915015e+18
3,ztf,59624.36483799992,1870364830915015005,2,1870364830915,19.848282,1,1870,0.4808326,19.722147,17.894001,19.3739,0.2021092,0.0022321576,0.037525624,0.2749,145.2752926,52.1963219,0.9014286,t17_f5_c3,0.99947613,19.4645,0.382,786120209.0,True,True,False,correction_1.0.6,0.0,
4,ztf,59629.34603009978,1875346030915015004,2,1875346030915,19.92503,1,1875,0.47881946,19.935467,17.930569,20.2339,0.2022615,100.0,0.03191202,0.5159,145.2753858,52.1963938,0.94714284,t17_f5_c3,0.9999454,19.9589,0.5116,786120209.0,True,True,False,correction_1.0.6,0.0,
