,tid,mjd,candid,fid,pid,diffmaglim,isdiffpos,nid,distnr,magpsf,magpsf_corr,magap,sigmapsf,sigmapsf_corr,sigmapsf_corr_ext,sigmagap,ra,dec,rb,rbversion,magapbig,sigmagapbig,has_stamp,corrected,dubious,step_id_corr,phase,parent_candid,drb,rfid
0,ztf,59622.44973379979,1868449735915015005,2,1868449735915,19.6586,1,1868,0.861167,19.6002,17.52521,19.6072,0.227692,100.0,0.033678412,0.2901,152.1714993,64.6768055,0.88,t17_f5_c3,19.4729,0.3256,False,True,False,correction_1.0.6,0.0,1.868506665915015e+18,,
1,ztf,59622.50666669989,1868506665915015004,1,1868506665915,20.198065,1,1868,0.9805436,19.447323,18.316437,19.3373,0.11402996,0.003106497,0.040240597,0.155,152.17162,64.67684,0.9614286,t17_f5_c3,19.2627,0.1836,True,True,False,correction_1.0.6,0.0,,0.9999782,817120159.0
2,ztf,59624.26724540023,1870267245915015003,1,1870267245915,19.651817,1,1870,1.0457903,19.498833,18.334337,19.4919,0.17804809,0.045246776,0.06091704,0.3416,152.1716653,64.6768476,0.9285714,t17_f5_c3,19.3749,0.3929,True,True,False,correction_1.0.6,0.0,,0.99817634,817120159.0
3,ztf,59624.346516199876,1870346515915015005,2,1870346515915,19.862545,1,1870,1.1720816,19.437456,17.499546,19.1553,0.18546541,100.0,0.03112426,0.2192,152.1718247,64.6767982,0.85571426,t17_f5_c3,19.3436,0.3319,True,True,False,correction_1.0.6,0.0,,0.99966383,817120259.0
4,ztf,59629.415705999825,1875415705915015001,1,1875415705915,19.526659,1,1875,0.940737,19.556969,18.353878,20.078,0.19957468,0.051165387,0.06589757,0.5175,152.171747,64.6767773,0.88285714,t17_f5_c3,19.6375,0.4425,True,True,False,correction_1.0.6,0.0,,0.9998611,817120159.0
5,ztf,59636.2181712999,1882218175915015008,1,1882218175915,20.68608,1,1882,1.1464753,20.45685,18.577372,20.7031,0.21120071,100.0,0.037402816,0.4334,152.1717821,64.6768444,0.8528572,t17_f5_c3,20.3016,0.3794,True,True,False,correction_1.0.6,0.0,,0.99992657,817120159.0
