,tid,mjd,candid,fid,pid,diffmaglim,isdiffpos,nid,distnr,magpsf,magpsf_corr,magap,sigmapsf,sigmapsf_corr,sigmapsf_corr_ext,sigmagap,ra,dec,rb,rbversion,drb,magapbig,sigmagapbig,rfid,has_stamp,corrected,dubious,step_id_corr,phase,parent_candid
0,ztf,59639.322164400015,1885322160115015000,1,1885322160115,19.813549,1,1885,0.55874664,18.726126,16.649496,19.4208,0.16590247,100.0,0.024501951,0.1903,217.6302332,52.7072169,0.57,t17_f5_c3,0.9995787,19.6167,0.2797,792120101.0,True,True,False,correction_1.0.6,0.0,
1,ztf,59641.41031249985,1887410310115015001,2,1887410310115,20.472136,1,1887,0.3248275,18.911243,15.8718405,19.2023,0.09034231,100.0,0.005497054,0.1776,217.6300615,52.7071528,0.86714286,t17_f5_c3,0.99865454,19.3144,0.2317,792120201.0,True,True,False,correction_1.0.6,0.0,
2,ztf,59672.324155100156,1918324150115015007,1,1918324150115,20.760841,1,1918,0.16551448,20.196898,16.775507,20.8362,0.21345457,100.0,0.0091358535,0.5712,217.6299637,52.7071615,0.7457143,t17_f5_c3,0.9974056,20.8195,0.6675,792120101.0,True,True,False,correction_1.0.6,0.0,
3,ztf,59690.32576389983,1936325760115015001,2,1936325760115,20.2805,1,1936,0.722398,19.6041,15.9034605,19.6961,0.124208,100.0,0.004110495,0.307,217.6296694,52.7071718,0.737143,t17_f5_c3,,19.707,0.3713,,False,True,False,correction_1.0.6,0.0,1.953304570115015e+18
4,ztf,59707.304571799934,1953304570115015001,2,1953304570115,20.02383,1,1953,0.30337515,18.774248,15.862992,18.8313,0.14495589,100.0,0.009925068,0.1263,217.6300616,52.7073062,0.8385714,t17_f5_c3,0.9794911,18.7859,0.1437,792120201.0,True,True,False,correction_1.0.6,0.0,
