,tid,mjd,candid,fid,pid,diffmaglim,isdiffpos,nid,distnr,magpsf,magpsf_corr,magap,sigmapsf,sigmapsf_corr,sigmapsf_corr_ext,sigmagap,ra,dec,rb,rbversion,drb,magapbig,sigmagapbig,rfid,has_stamp,corrected,dubious,step_id_corr,phase,parent_candid
0,ztf,59637.45688659977,1883456885015015000,2,1883456885015,20.072735,1,1883,0.781917,19.568014,18.878958,19.6532,0.15663621,0.08148529,0.0830366,0.2545,261.5699145,57.6629938,0.95428574,t17_f5_c3,0.99999905,19.6423,0.3225,796120250.0,True,True,False,correction_1.0.6,0.0,
1,ztf,59637.4868981,1883486895015015000,1,1883486895015,20.216179,1,1883,0.7241595,19.716255,19.20224,19.605,0.15847228,0.09805633,0.0987069,0.2119,261.56992,57.6629794,0.87857145,t17_f5_c3,0.99999714,19.6061,0.2713,796120150.0,True,True,False,correction_1.0.6,0.0,
2,ztf,59639.389398099855,1885389395015015001,1,1885389395015,19.6561,1,1885,0.611703,19.6098,19.134718,19.6169,0.255886,0.16485886,0.16520134,0.2057,261.5698583,57.6629414,0.4,t17_f5_c3,,19.6463,0.2704,,False,True,False,correction_1.0.6,0.0,1.887469275015015e+18
3,ztf,59641.37041669991,1887370415015015002,2,1887370415015,19.8931,1,1887,0.618595,19.785,18.988573,20.0936,0.231938,0.109967425,0.11137849,0.4257,261.5697982,57.6630618,0.78,t17_f5_c3,,20.0391,0.5189,,False,True,False,correction_1.0.6,0.0,1.887469275015015e+18
4,ztf,59641.469270799775,1887469275015015001,1,1887469275015,20.51347,1,1887,0.6194815,19.741726,19.218035,19.7093,0.15752947,0.096569136,0.09724908,0.1657,261.569851,57.6630114,0.87857145,t17_f5_c3,0.9999414,19.5,0.1747,796120150.0,True,True,False,correction_1.0.6,0.0,
