,tid,mjd,candid,fid,pid,diffmaglim,isdiffpos,nid,distnr,magpsf,magpsf_corr,magap,sigmapsf,sigmapsf_corr,sigmapsf_corr_ext,sigmagap,ra,dec,rb,rbversion,drb,magapbig,sigmagapbig,rfid,has_stamp,corrected,dubious,step_id_corr,phase,parent_candid
0,ztf,59622.50523150014,1868505231715015003,1,1868505231715,20.349573,1,1868,0.6255648,19.901182,18.598713,19.7594,0.15651196,0.03691605,0.047158502,0.2133,161.4219048,40.259005,0.95714283,t17_f5_c3,0.99980927,19.7149,0.2607,712120117.0,True,True,False,correction_1.0.6,0.0,
1,ztf,59624.24196759984,1870241961715015002,1,1870241961715,19.4585,1,1870,1.0648,19.7989,18.566868,19.7168,0.28064,0.08560869,0.09022703,0.4847,161.4220017,40.259104,0.858571,t17_f5_c3,,19.4004,0.465,,False,True,False,correction_1.0.6,0.0,1.875347461715015e+18
2,ztf,59629.3474653,1875347461715015002,2,1875347461715,19.87168,1,1875,0.5922252,19.479252,17.768389,20.1076,0.18506296,0.013837385,0.03828022,0.4907,161.421946,40.2589568,0.85714287,t17_f5_c3,0.9996291,20.3978,0.8195,712120217.0,True,True,False,correction_1.0.6,0.0,
3,ztf,59629.4093865999,1875409381715015001,1,1875409381715,19.3225,1,1875,0.661806,19.3593,18.405281,19.3585,0.240224,0.096702784,0.09977192,0.2865,161.4217736,40.2590475,0.431429,t17_f5_c3,,19.202,0.3181,,False,True,False,correction_1.0.6,0.0,1.882237551715015e+18
4,ztf,59636.23755790014,1882237551715015004,1,1882237551715,20.542665,1,1882,0.7630533,19.476301,18.452353,19.7657,0.14965442,0.052333415,0.058278766,0.1966,161.4219865,40.2589999,0.9257143,t17_f5_c3,0.999861,19.5928,0.2134,712120117.0,True,True,False,correction_1.0.6,0.0,
5,ztf,59638.38480320014,1884384801715015004,2,1884384801715,20.0389,1,1884,0.928538,19.5048,17.773624,20.0153,0.165405,100.0,0.03357981,0.3221,161.4220541,40.2590072,0.932857,t17_f5_c3,,20.1736,0.4731,,False,True,False,correction_1.0.6,0.0,1.886362681715015e+18
6,ztf,59638.404374999925,1884404371715015003,1,1884404371715,20.3271,1,1884,0.839361,19.692,18.531338,19.8123,0.195851,0.061329387,0.067245185,0.2127,161.4219994,40.2590211,0.945714,t17_f5_c3,,19.6233,0.2278,,False,True,False,correction_1.0.6,0.0,1.886362681715015e+18
7,ztf,59640.36268519983,1886362681715015006,1,1886362681715,20.57463,1,1886,0.9000095,19.762587,18.55506,19.6303,0.13670245,0.035017744,0.04495373,0.1518,161.4220517,40.2589972,0.96,t17_f5_c3,0.99997777,19.7733,0.2193,712120117.0,True,True,False,correction_1.0.6,0.0,
