,tid,mjd,candid,fid,pid,diffmaglim,isdiffpos,nid,distnr,magpsf,magap,sigmapsf,sigmagap,ra,dec,rb,rbversion,drb,magapbig,sigmagapbig,rfid,has_stamp,corrected,dubious,step_id_corr,phase,parent_candid
0,ztf,59621.51127310004,1867511275715015009,1,1867511275715,20.037682,1,1867,3.0209665,19.951365,20.3193,0.21616988,0.3656,276.9580564,57.8382757,0.57714283,t17_f5_c3,0.99931824,20.1298,0.3919,798120157.0,True,False,False,correction_1.0.6,0.0,
1,ztf,59621.51127310004,1867511275715025007,1,1867511275715,20.0433,1,1867,3.02306,19.9515,20.3274,0.219048,0.3666,276.9580632,57.8382776,0.574286,t17_f5_c3,,20.1173,0.3857,,False,False,False,correction_1.0.6,0.0,1.883454005715015e+18
2,ztf,59621.533425900154,1867533425715025019,2,1867533425715,19.9575,1,1867,2.77002,19.7463,19.6538,0.175748,0.2376,276.9578833,57.8383023,0.744286,t17_f5_c3,,19.9186,0.3859,,False,False,False,correction_1.0.6,0.0,1.883454005715015e+18
3,ztf,59621.533425900154,1867533425715015018,2,1867533425715,19.954992,1,1867,2.7446501,19.762236,19.7749,0.17663747,0.2662,276.9578584,57.8383038,0.82714283,t17_f5_c3,0.99438316,20.2187,0.5099,798120257.0,True,False,False,correction_1.0.6,0.0,
4,ztf,59623.4754050998,1869475405715015007,2,1869475405715,19.6358,1,1869,2.45902,19.8216,19.6231,0.251582,0.3586,276.9578069,57.838379,0.802857,t17_f5_c3,,19.509,0.4132,,False,False,False,correction_1.0.6,0.0,1.883454005715015e+18
5,ztf,59623.49212960014,1869492125715015003,1,1869492125715,19.5914,1,1869,2.34458,20.0724,20.6083,0.324925,0.8282,276.9578537,57.8384263,0.758571,t17_f5_c3,,20.132,0.6851,,False,False,False,correction_1.0.6,0.0,1.883454005715015e+18
6,ztf,59628.5325230998,1874532525715015010,2,1874532525715,19.6155,1,1874,2.67233,19.8728,19.3622,0.247633,0.2772,276.9578725,57.8383301,0.53,t17_f5_c3,,19.1277,0.286,,False,False,False,correction_1.0.6,0.0,1.883454005715015e+18
7,ztf,59630.47773149982,1876477735715015004,1,1876477735715,19.7997,1,1876,2.43774,20.2476,20.9918,0.275147,1.123,276.9578857,57.8384105,0.752857,t17_f5_c3,,20.9969,1.4477,,False,False,False,correction_1.0.6,0.0,1.883454005715015e+18
8,ztf,59637.45400460018,1883454005715015009,2,1883454005715,19.963047,1,1883,2.8642879,20.047874,19.9916,0.2093863,0.3502,276.9577157,57.8382355,0.8428571,t17_f5_c3,0.9998214,19.8227,0.3826,798120257.0,True,False,False,correction_1.0.6,0.0,
