,tid,mjd,candid,fid,pid,diffmaglim,isdiffpos,nid,distnr,magpsf,magpsf_corr,magap,sigmapsf,sigmapsf_corr,sigmapsf_corr_ext,sigmagap,ra,dec,rb,rbversion,magapbig,sigmagapbig,has_stamp,corrected,dubious,step_id_corr,phase,parent_candid,drb,rfid
0,ztf,59629.408425900154,1875408425215015015,1,1875408425215,19.3083,1,1875,0.737944,19.5934,18.767292,19.2576,0.264381,0.11760103,0.12353423,0.2629,151.1248772,36.3814384,0.397143,t17_f5_c3,19.2089,0.3224,False,True,False,correction_1.0.6,0.0,1.882236595215015e+18,,
1,ztf,59636.236597199924,1882236595215015030,1,1882236595215,20.644056,1,1882,0.2670263,19.732157,18.829927,19.8473,0.16434379,0.059326813,0.07159155,0.1846,151.1245953,36.3814265,0.94857144,t17_f5_c3,19.7368,0.2115,True,True,False,correction_1.0.6,0.0,,0.9999957,667120152.0
2,ztf,59638.383842600044,1884383845215015014,2,1884383845215,19.670706,1,1884,0.6857452,19.531132,18.25787,19.5331,0.17750531,0.04035386,0.054942288,0.2687,151.1246482,36.3813297,0.9057143,t17_f5_c3,19.1713,0.2461,True,True,False,correction_1.0.6,0.0,,0.9999513,667120252.0
3,ztf,59640.35640050005,1886356405215015010,1,1886356405215,20.36156,1,1886,0.39758828,19.823847,18.868921,19.8183,0.17740865,0.060785454,0.07362153,0.2128,151.1245921,36.3813891,0.95285714,t17_f5_c3,19.6684,0.2364,True,True,False,correction_1.0.6,0.0,,0.99999994,667120152.0
4,ztf,59640.389525500126,1886389525215015009,2,1886389525215,20.244236,1,1886,0.35335875,19.648684,18.292913,19.8547,0.14238068,0.013617039,0.040845424,0.2481,151.1246495,36.3814256,0.9614286,t17_f5_c3,19.7072,0.2747,True,True,False,correction_1.0.6,0.0,,0.9999975,667120252.0
