,tid,mjd,candid,fid,pid,diffmaglim,isdiffpos,nid,distnr,magpsf,magap,sigmapsf,sigmagap,ra,dec,rb,rbversion,drb,magapbig,sigmagapbig,rfid,has_stamp,corrected,dubious,step_id_corr,phase,parent_candid
0,ztf,59622.254189800005,1868254182615015007,1,1868254182615,19.568314,1,1868,2.048953,19.049086,19.171,0.1230473,0.2444,115.6519428,17.1896074,0.9,t17_f5_c3,0.9999976,19.3684,0.3761,566120126.0,True,False,False,correction_1.0.6,0.0,
1,ztf,59622.32575230021,1868325752615015010,2,1868325752615,19.46179,1,1868,2.8869457,18.240067,18.3789,0.077006586,0.1151,115.6518927,17.189546,0.91571426,t17_f5_c3,0.99999976,18.3814,0.1477,566120226.0,True,False,False,correction_1.0.6,0.0,
2,ztf,59627.3441319,1873344132615015007,2,1873344132615,18.94635,1,1873,3.1677866,18.395426,18.6214,0.12561892,0.2154,115.6518573,17.1896206,0.7785714,t17_f5_c3,0.9999877,18.6788,0.2914,566120226.0,True,False,False,correction_1.0.6,0.0,
3,ztf,59636.154027800076,1882154022615015016,2,1882154022615,20.474669,1,1882,2.872412,18.843666,19.0554,0.07334279,0.1102,115.6519204,17.1895611,0.9442857,t17_f5_c3,0.99999404,18.9992,0.1333,566120226.0,True,False,False,correction_1.0.6,0.0,
4,ztf,59638.23660880001,1884236602615015011,2,1884236602615,18.4305,1,1884,3.5554,18.9027,18.8074,0.351453,0.4761,115.6517766,17.1896921,0.398571,t17_f5_c3,,18.7825,0.5978,,False,False,False,correction_1.0.6,0.0,1.886206112615015e+18
5,ztf,59640.20611110004,1886206112615015024,1,1886206112615,20.66471,1,1886,2.2346377,20.039276,19.9239,0.15938765,0.2075,115.651943,17.1895506,0.75142854,t17_f5_c3,0.9999541,19.9409,0.2695,566120126.0,True,False,False,correction_1.0.6,0.0,
6,ztf,59640.233298600186,1886233292615015024,2,1886233292615,20.539845,1,1886,2.935614,19.007784,18.9532,0.07723442,0.0924,115.6519068,17.1895722,0.94,t17_f5_c3,0.9999936,19.0356,0.1267,566120226.0,True,False,False,correction_1.0.6,0.0,
7,ztf,59671.19961810019,1917199612615015018,1,1917199612615,20.3084,1,1917,2.05754,20.241,19.9405,0.224567,0.2362,115.6520055,17.189611,0.397143,t17_f5_c3,,20.1064,0.3522,,False,False,False,correction_1.0.6,0.0,1.920223992615015e+18
8,ztf,59674.223993100226,1920223992615015022,2,1920223992615,20.330423,1,1920,2.96299,19.929575,19.7955,0.16763164,0.2504,115.6519108,17.1895875,0.61714286,t17_f5_c3,0.9991542,19.9357,0.3647,566120226.0,True,False,False,correction_1.0.6,0.0,
