,tid,mjd,candid,fid,pid,diffmaglim,isdiffpos,nid,distnr,magpsf,magpsf_corr,magap,sigmapsf,sigmapsf_corr,sigmapsf_corr_ext,sigmagap,ra,dec,rb,rbversion,drb,magapbig,sigmagapbig,rfid,has_stamp,corrected,dubious,step_id_corr,phase,parent_candid
0,ztf,58376.293576399796,622293573915015000,1,622293573915,20.63452,1,622,0.27452323,18.78597,18.087017,18.7427,0.081456885,0.04097191,0.0427904,0.0712,341.3827413,-16.118167,0.8666667,t8_f5_c3,0.0,18.7202,0.0876,342120139,False,True,False,bulk_1.0.0,0.0,625333683915015000
1,ztf,58379.33368059993,625333683915015000,1,625333683915,20.302588,1,625,0.037821464,18.436762,17.889704,18.3464,0.07078493,0.041511294,0.042767875,0.0553,341.3827344,-16.1182339,0.86333334,t8_f5_c3,0.0,18.3074,0.0671,342120139,True,True,False,bulk_1.0.0,0.0,0
