,tid,mjd,candid,fid,pid,diffmaglim,isdiffpos,nid,distnr,magpsf,magpsf_corr,magap,sigmapsf,sigmapsf_corr,sigmapsf_corr_ext,sigmagap,ra,dec,rb,rbversion,drb,magapbig,sigmagapbig,rfid,has_stamp,corrected,dubious,step_id_corr,phase,parent_candid
0,ztf,58803.22055559978,1049220551815010004,1,1049220551815,19.463875,-1,1049,0.5857755,16.865547,13.299946,16.9823,0.2011931,100.0,0.0075400216,0.0554,359.7747702,82.006902,0.19857143,t17_f5_c3,0.03847989,16.9496,0.0618,877120118,False,True,False,bulk_1.0.0,0.0,1065128641815010076
1,ztf,58803.25788189983,1049257881815015034,2,1049257881815,18.516771,1,1049,0.3431339,15.154061,12.491274,15.2629,0.045537744,100.0,0.0039197346,0.0251,359.775771,82.006777,0.5714286,t17_f5_c3,0.2945938,15.2318,0.0292,877120218,False,True,False,bulk_1.0.0,0.0,1065128641815010076
2,ztf,58819.128645800054,1065128641815010076,2,1065128641815,18.854353,-1,1065,0.53928053,15.301695,12.682141,15.2931,0.05565503,100.0,0.0049852026,0.0195,359.7754649,82.0067317,0.6357143,t17_f5_c3,0.4652467,15.2694,0.0219,877120218,False,True,False,bulk_1.0.0,0.0,1074194221815010050
3,ztf,58828.1942245001,1074194221815010050,2,1074194221815,17.159386,-1,1074,0.15617323,14.205582,12.866607,14.0409,0.04273172,100.0,0.012449745,0.0254,359.7761895,82.0068367,0.5157143,t17_f5_c3,0.97626066,14.0108,0.0314,877120218,True,True,False,bulk_1.0.0,0.0,0
4,ztf,58867.15797450021,1113157971815015016,1,1113157971815,16.588305,1,1113,0.12935968,14.549446,12.97102,14.6181,0.044026494,100.0,0.010288297,0.0552,359.7757121,82.0068932,0.5985714,t17_f5_c3,0.98442054,14.6675,0.0723,877120118,True,True,False,bulk_1.0.0,0.0,0
5,ztf,59176.133287000004,1422133281815010005,2,1422133281815,16.58483,-1,1422,0.45748132,14.864579,12.731453,14.5175,0.12206465,100.0,0.01711352,0.0589,359.7768385,82.0068244,0.41142857,t17_f5_c3,0.8019197,14.4499,0.0703,877120218,True,True,False,bulk_1.0.0,0.0,0
6,ztf,59218.18394679995,1464183941815015005,2,1464183941815,19.856718,1,1464,0.6467665,17.14672,12.572804,17.8253,0.098493636,100.0,0.0014582821,0.1149,359.7756296,82.0070459,0.22714286,t17_f5_c3,0.04809707,17.7266,0.1116,877120218,False,True,False,bulk_1.0.0,0.0,1468178841815010014
7,ztf,59222.17884259997,1468178841815010014,1,1468178841815,18.507582,-1,1468,0.56881577,15.457192,13.41391,15.5638,0.05133279,100.0,0.007817752,0.0311,359.7768872,82.0067834,0.45285714,t17_f5_c3,0.3965866,15.5219,0.0356,877120118,True,True,False,bulk_1.0.0,0.0,0
