,tid,mjd,candid,fid,pid,diffmaglim,isdiffpos,nid,distnr,magpsf,magap,sigmapsf,sigmagap,ra,dec,rb,rbversion,drb,magapbig,sigmagapbig,rfid,has_stamp,corrected,dubious,step_id_corr,phase,parent_candid
0,ztf,58774.13155090017,1020131551915015008,2,1020131551915,19.450441,1,1020,16.879803,19.178263,19.3061,0.16168873,0.1988,12.3124752,17.1733292,0.46142858,t17_f5_c3,0.99897075,19.2815,0.2491,551120219,False,False,False,bulk_1.0.0,0.0,1020133063015015014
1,ztf,58774.13306709984,1020133063015015014,2,1020133063015,19.825356,1,1020,11.599379,19.235914,19.195,0.14435546,0.1825,12.3122032,17.1733352,0.9257143,t17_f5_c3,0.9980303,19.2119,0.2373,552120230,True,False,False,bulk_1.0.0,0.0,0
