,tid,mjd,candid,fid,pid,diffmaglim,isdiffpos,nid,distnr,magpsf,magpsf_corr,magap,sigmapsf,sigmapsf_corr,sigmapsf_corr_ext,sigmagap,ra,dec,rb,rbversion,drb,magapbig,sigmagapbig,rfid,has_stamp,corrected,dubious,step_id_corr,phase,parent_candid
0,ztf,58523.21047449997,769210471715015011,2,769210471715,20.49324,1,769,0.68477374,19.840593,19.493603,19.6386,0.1852487,0.1333935,0.13457336,0.1759,137.9300003,-3.1684579,0.5271429,t15_f5_c3,0.0,19.6517,0.2274,415120217.0,False,True,False,bulk_1.0.0,0.0,793192631715015009
1,ztf,58526.41667820001,772416671715015026,1,772416671715,18.7704,1,772,2.02692,19.1705,,18.5123,0.341671,,,0.2216,137.9299413,-3.1687939,0.114286,t15_f5_c3,,18.4073,0.2581,,False,False,False,bulk_1.0.0,0.0,793192631715015009
2,ztf,58534.32356479997,780323561715015005,2,780323561715,18.7483,1,780,0.490868,18.9961,18.822857,19.0477,0.237518,0.20226099,0.20248805,0.3874,137.9299424,-3.1684019,0.345714,t15_f5_c3,,19.0101,0.4805,,False,True,False,bulk_1.0.0,0.0,793192631715015009
3,ztf,58538.27224540012,784272241715015010,1,784272241715,19.3555,1,784,0.757913,19.2365,19.079147,19.4596,0.254504,0.21981753,0.22016768,0.4068,137.9299616,-3.1684315,0.502857,t15_f5_c3,,19.7136,0.6588,,False,True,True,bulk_1.0.0,0.0,793192631715015009
4,ztf,58541.25258099986,787252581715015021,1,787252581715,19.9694,1,787,0.952585,19.225,19.069193,19.1159,0.17459,0.15074939,0.15125024,0.1238,137.9299819,-3.168493,0.222857,t15_f5_c3,,19.2256,0.1743,,False,True,True,bulk_1.0.0,0.0,793192631715015009
5,ztf,58547.19263890013,793192631715015009,2,793192631715,20.50919,1,793,0.6767497,19.602571,19.315683,19.4952,0.13563555,0.103040576,0.104140155,0.156,137.9299391,-3.1684551,0.5742857,t15_f5_c3,0.0,19.3039,0.1671,415120217.0,True,True,False,bulk_1.0.0,0.0,0
