,tid,mjd,candid,fid,pid,diffmaglim,isdiffpos,nid,distnr,magpsf,magap,sigmapsf,sigmagap,ra,dec,rb,rbversion,drb,magapbig,sigmagapbig,rfid,has_stamp,corrected,dubious,step_id_corr,phase,parent_candid
0,ztf,58524.44150459999,770441503715015013,2,770441503715,20.083612,1,770,3.643886,19.249964,19.1521,0.13706125,0.1426,153.4447175,-8.2564269,0.6028572,t15_f5_c3,0.0,19.3734,0.221,366120237.0,False,False,False,bulk_1.0.0,0.0,784249793715015018
1,ztf,58538.24979169993,784249793715015018,2,784249793715,18.390602,1,784,3.4660914,17.973455,18.1373,0.15825579,0.3085,153.4447253,-8.2563703,0.63857144,t15_f5_c3,0.0,18.3446,0.4784,366120237.0,False,False,False,bulk_1.0.0,0.0,805245493715015031
2,ztf,58538.3134606001,784313463715015015,1,784313463715,19.34099,1,784,3.6128893,18.169382,18.3315,0.11205546,0.1562,153.4446518,-8.2563907,0.6471428,t15_f5_c3,0.0,18.4424,0.221,366120137.0,False,False,False,bulk_1.0.0,0.0,814274353715015007
3,ztf,58559.24549769983,805245493715015031,2,805245493715,19.54186,1,805,3.4694097,18.869326,18.8793,0.104165964,0.2019,153.4446615,-8.2563948,0.60571426,t15_f5_c3,0.0,18.9893,0.2856,366120237.0,False,False,False,bulk_1.0.0,0.0,819252783715015006
4,ztf,58559.29328700015,805293283715015082,1,805293283715,19.0602,1,805,2.84746,19.5237,19.1653,0.255166,0.2875,153.4446928,-8.2561491,0.21,t15_f5_c3,,18.7834,0.2595,,False,False,False,bulk_1.0.0,0.0,827231573715015007
5,ztf,58568.27435189998,814274353715015007,2,814274353715,20.28711,1,814,3.6881623,19.137276,18.9888,0.108327135,0.1214,153.4446633,-8.2564512,0.72571427,t15_f5_c3,0.0,18.9252,0.1445,366120237.0,False,False,False,bulk_1.0.0,0.0,827231573715015007
6,ztf,58573.25278940005,819252783715015006,2,819252783715,20.103167,1,819,3.4449813,19.500286,19.453,0.15117589,0.2065,153.4446514,-8.2563842,0.5985714,t15_f5_c3,0.0,19.5153,0.2771,366120237.0,False,False,False,bulk_1.0.0,0.0,827231573715015007
7,ztf,58581.23157409998,827231573715015007,2,827231573715,20.137297,1,827,3.605041,19.730268,19.4755,0.1862454,0.2101,153.4447179,-8.2564149,0.6571429,t15_f5_c3,0.0,19.3885,0.2458,366120237.0,False,False,False,bulk_1.0.0,0.0,830168153715015005
8,ztf,58584.1681597,830168153715015005,2,830168153715,19.844757,1,830,3.1481535,19.79542,19.7832,0.17732638,0.2985,153.4446381,-8.2563064,0.6257143,t15_f5_c3,0.0,19.5541,0.3076,366120237.0,True,False,False,bulk_1.0.0,0.0,0
