,tid,mjd,candid,fid,pid,diffmaglim,isdiffpos,nid,distnr,magpsf,magpsf_corr,magap,sigmapsf,sigmapsf_corr,sigmapsf_corr_ext,sigmagap,ra,dec,rb,rbversion,magapbig,sigmagapbig,has_stamp,corrected,dubious,step_id_corr,phase,parent_candid,drb,rfid
0,ztf,58509.234849500004,755234841015015001,1,755234841015,19.8794,1,755,0.615848,19.4028,19.17588,19.4809,0.156913,0.12539159,0.12731847,0.1586,129.3164785,1.6569996,0.194286,t15_f5_c3,19.4327,0.1941,False,True,False,bulk_1.0.0,0.0,755287461015015000,,
1,ztf,58509.287465299945,755287461015015000,2,755287461015,19.692532,1,755,0.10521439,19.561333,19.23701,19.6468,0.199837,0.14747493,0.1482335,0.2814,129.3165748,1.6570202,0.40857142,t15_f5_c3,19.7705,0.4042,True,True,False,bulk_1.0.0,0.0,0,0.0,465120210.0
