,tid,mjd,candid,fid,pid,diffmaglim,isdiffpos,nid,distnr,magpsf,magap,sigmapsf,sigmagap,ra,dec,rb,rbversion,drb,magapbig,sigmagapbig,rfid,has_stamp,corrected,dubious,step_id_corr,phase,parent_candid
0,ztf,58758.17328700004,1004173282615015007,2,1004173282615,20.092403,1,1004,11.073441,19.64467,19.5475,0.1770267,0.1894,336.4872424,39.4469244,0.5942857,t17_f5_c3,0.99988675,19.27,0.1881,733120226,False,False,False,bulk_1.0.0,0.0,1.004209662615015e+18
1,ztf,58758.2096644002,1004209662615015009,1,1004209662615,20.549477,1,1004,11.11101,19.408669,19.3284,0.12603685,0.1214,336.4872138,39.4469505,0.93285716,t17_f5_c3,1.0,19.3172,0.1533,733120126,False,False,False,bulk_1.0.0,0.0,1.005208572615015e+18
2,ztf,58759.20857639983,1005208572615015023,2,1005208572615,20.658695,1,1005,11.030952,20.158243,20.3055,0.17293479,0.3151,336.4872071,39.4469234,0.48714286,t17_f5_c3,0.9999957,19.9366,0.2879,733120226,True,False,False,bulk_1.0.0,0.0,0.0
3,ztf,59378.41202550009,1624412022615015004,2,1624412022615,20.629082,1,1624,10.863974,19.750462,19.7516,0.119772874,0.1897,336.4871633,39.4469555,0.7771429,t17_f5_c3,0.99999976,19.6868,0.2288,733120226,True,False,False,correction_0.0.1,0.0,
4,ztf,59378.42868060013,1624428682615015005,1,1624428682615,20.607887,1,1624,11.12531,19.428755,19.3188,0.14125986,0.114,336.4871993,39.4469482,0.88857144,t17_f5_c3,0.9999989,19.1685,0.1268,733120126,True,False,False,correction_0.0.1,0.0,
