,tid,mjd,candid,fid,pid,diffmaglim,isdiffpos,nid,distnr,magpsf,magpsf_corr,magap,sigmapsf,sigmapsf_corr,sigmapsf_corr_ext,sigmagap,ra,dec,rb,rbversion,magapbig,sigmagapbig,has_stamp,corrected,dubious,step_id_corr,phase,parent_candid,drb,rfid
0,ztf,58774.16206019977,1020162065315015006,1,1020162065315,19.982,1,1020,0.960497,19.5995,18.31491,19.5503,0.217984,0.03814697,0.066771105,0.1906,17.2506362,36.6848214,0.755714,t17_f5_c3,19.5363,0.2376,False,True,False,bulk_1.0.0,0.0,1022161385315015008,,
1,ztf,58775.162164399866,1021162165315015007,1,1021162165315,20.629753,1,1021,0.6361641,19.76835,18.3639,19.9162,0.1776946,100.0,0.0487409,0.2445,17.2505899,36.6847275,0.8642857,t17_f5_c3,19.6723,0.2459,False,True,False,bulk_1.0.0,0.0,1022161385315015008,0.9999897,650120153.0
2,ztf,58776.133483800106,1022133485315015003,2,1022133485315,20.170486,1,1022,0.52943593,19.723005,17.573622,19.6523,0.2056805,100.0,0.028407935,0.2777,17.2505335,36.6846899,0.97,t17_f5_c3,19.6118,0.3348,False,True,False,bulk_1.0.0,0.0,1022161385315015008,0.99982214,650120253.0
3,ztf,58776.16138890013,1022161385315015008,1,1022161385315,20.53446,1,1022,0.6459688,19.80205,18.37304,19.8221,0.21466626,100.0,0.057565123,0.2229,17.2506111,36.6847054,0.9257143,t17_f5_c3,19.6596,0.2416,False,True,False,bulk_1.0.0,0.0,1025133875315015004,0.9998741,650120153.0
4,ztf,58777.16182869999,1023161825315015004,1,1023161825315,20.1373,1,1023,0.794902,19.7575,18.360912,20.0369,0.258516,0.042811364,0.071425326,0.2833,17.2505968,36.6847832,0.811429,t17_f5_c3,19.9936,0.3437,False,True,False,bulk_1.0.0,0.0,1025133875315015004,,
5,ztf,58778.13407409983,1024134075315015003,2,1024134075315,20.192522,1,1024,0.640858,19.662317,17.565035,19.5028,0.18353733,100.0,0.026595704,0.2401,17.250576,36.6846913,0.9742857,t17_f5_c3,19.5055,0.3006,False,True,False,bulk_1.0.0,0.0,1025133875315015004,0.999836,650120253.0
6,ztf,58778.16202550009,1024162025315015003,1,1024162025315,20.4956,1,1024,0.448207,20.0514,18.434488,20.3469,0.263901,100.0,0.059521895,0.3618,17.2505242,36.6847083,0.951429,t17_f5_c3,20.0746,0.3553,False,True,False,bulk_1.0.0,0.0,1025133875315015004,,
7,ztf,58779.13387730019,1025133875315015004,2,1025133875315,19.958572,1,1025,0.7163585,19.708536,17.571611,20.0916,0.19699757,100.0,0.027522704,0.4896,17.2505948,36.6847069,0.9042857,t17_f5_c3,19.7831,0.4651,True,True,False,bulk_1.0.0,0.0,0,0.99707115,650120253.0
