,tid,mjd,candid,fid,pid,diffmaglim,isdiffpos,nid,distnr,magpsf,magap,sigmapsf,sigmagap,ra,dec,rb,rbversion,drb,magapbig,sigmagapbig,rfid,has_stamp,corrected,dubious,step_id_corr,phase,parent_candid
0,ztf,58723.312974500004,969312973515015051,1,969312973515,20.393028,1,969,6.838821,19.46449,19.1147,0.21026045,0.1013,274.1896,55.0043342,0.4942857,t17_f5_c3,0.9990284,19.1532,0.1336,797120135.0,True,False,False,bulk_1.0.0,0.0,0
1,ztf,58787.140740700066,1033140743515015025,2,1033140743515,19.4635,1,1033,8.8453,19.1902,18.781,0.239217,0.1457,274.1901109,55.0042556,0.184286,t17_f5_c3,,18.9164,0.2118,,False,False,False,bulk_1.0.0,0.0,1058116153515015034
2,ztf,58788.16839119978,1034168393515015025,1,1034168393515,19.70181,1,1034,6.9542794,19.19243,19.0397,0.17647673,0.1517,274.1894625,55.0043194,0.41857144,t17_f5_c3,0.99667335,18.8265,0.1599,797120135.0,False,False,False,bulk_1.0.0,0.0,1058116153515015034
3,ztf,58791.09755790001,1037097553515015024,2,1037097553515,20.1475,1,1037,9.02116,19.7896,18.8856,0.370421,0.1333,274.1900166,55.0041641,0.051429,t17_f5_c3,,18.7333,0.1491,,False,False,False,bulk_1.0.0,0.0,1058116153515015034
4,ztf,58795.1143633998,1041114363515015021,1,1041114363515,19.4834,1,1041,7.34945,19.5259,19.4923,0.277169,0.3282,274.1891444,55.0042528,0.392857,t17_f5_c3,,19.1796,0.3161,,False,False,False,bulk_1.0.0,0.0,1058116153515015034
5,ztf,58804.09853010019,1050098533515015030,1,1050098533515,19.75461,1,1050,7.3442683,19.260141,19.2475,0.15973297,0.162,274.1895615,55.0041938,0.5857143,t17_f5_c3,0.99983585,19.316,0.2209,797120135.0,False,False,False,bulk_1.0.0,0.0,1058116153515015034
6,ztf,58812.0963773001,1058096373515015023,2,1058096373515,19.7655,1,1058,10.5459,19.4812,18.8605,0.304384,0.1572,274.1891604,55.0042253,0.06,t17_f5_c3,,19.1424,0.2613,,False,False,False,bulk_1.0.0,0.0,1058116153515015034
7,ztf,58812.116157399956,1058116153515015034,1,1058116153515,19.808289,1,1058,6.841411,19.401684,19.0412,0.1932344,0.1581,274.1896801,55.0043298,0.47428572,t17_f5_c3,0.99854785,19.0852,0.211,797120135.0,True,False,False,bulk_1.0.0,0.0,0
