,tid,mjd,candid,fid,pid,diffmaglim,isdiffpos,nid,distnr,magpsf,magpsf_corr,magap,sigmapsf,sigmapsf_corr,sigmapsf_corr_ext,sigmagap,ra,dec,rb,rbversion,magapbig,sigmagapbig,has_stamp,corrected,dubious,step_id_corr,phase,parent_candid,drb,rfid
0,ztf,58538.27224540012,784272240415015044,1,784272240415,19.5174,1,784,0.322154,19.2397,18.32298,19.4413,0.244923,0.10290406,0.10527909,0.376,137.1219028,-5.1782718,0.61,t15_f5_c3,19.2856,0.417,False,True,False,bulk_1.0.0,0.0,793192630415015040,,
1,ztf,58541.25258099986,787252580415015014,1,787252580415,20.142689,1,787,0.12006071,19.180208,18.297009,19.2195,0.13563207,0.056072563,0.06012881,0.1434,137.1218769,-5.1783913,0.6957143,t15_f5_c3,18.9742,0.1453,False,True,False,bulk_1.0.0,0.0,793192630415015040,0.0,415120104.0
2,ztf,58547.19263890013,793192630415015040,2,793192630415,20.467913,1,793,0.15414645,19.289888,17.71572,19.4909,0.11390118,0.0060673608,0.026721468,0.1701,137.1218591,-5.178329,0.82285714,t15_f5_c3,19.5408,0.224,False,True,False,bulk_1.0.0,0.0,793291620415015027,0.0,415120204.0
3,ztf,58547.2916203998,793291620415015027,1,793291620415,20.629868,1,793,0.06170169,19.371946,18.377865,19.3566,0.11468323,0.03950064,0.045905806,0.1129,137.1218716,-5.178373,0.75285715,t15_f5_c3,19.4074,0.1486,True,True,False,bulk_1.0.0,0.0,0,0.0,415120104.0
