,tid,mjd,candid,fid,pid,diffmaglim,isdiffpos,nid,distnr,magpsf,magpsf_corr,magap,sigmapsf,sigmapsf_corr,sigmapsf_corr_ext,sigmagap,ra,dec,rb,rbversion,drb,magapbig,sigmagapbig,rfid,has_stamp,corrected,dubious,step_id_corr,phase,parent_candid
0,ztf,59114.40144680021,1360401443015015014,2,1360401443015,20.574295,1,1360,0.9702905,20.283342,20.095676,20.0072,0.20468627,0.17016757,0.17219557,0.2618,26.333155,-4.3878763,0.6542857,t17_f5_c3,0.9999008,19.9418,0.3168,400120230,False,True,False,bulk_1.0.0,0.0,1360402381915015008
1,ztf,59114.402384299785,1360402381915015008,2,1360402381915,20.622309,1,1360,1.8753017,20.471325,,20.6298,0.16095014,,,0.449,26.3330292,-4.3878116,0.63857144,t17_f5_c3,0.9999443,20.7161,0.6254,399120219,True,False,True,bulk_1.0.0,0.0,0
