,tid,mjd,candid,fid,pid,diffmaglim,isdiffpos,nid,distnr,magpsf,magpsf_corr,magap,sigmapsf,sigmapsf_corr,sigmapsf_corr_ext,sigmagap,ra,dec,rb,rbversion,magapbig,sigmagapbig,has_stamp,corrected,dubious,step_id_corr,phase,parent_candid,drb,rfid
0,ztf,58874.299930599984,1120299934715010140,2,1120299934715,18.9803,-1,1120,1.02891,18.8482,17.13709,18.3081,0.243975,100.0,0.05045474,0.2239,174.1972016,69.4404343,0.434286,t17_f5_c3,18.0821,0.2316,False,True,False,bulk_1.0.0,0.0,1120391194715015041,,
1,ztf,58874.39119210001,1120391194715015041,1,1120391194715,19.450705,1,1120,0.324643,19.351822,17.417768,19.0776,0.15846227,100.0,0.026687277,0.3042,174.1979145,69.4404767,0.68142855,t17_f5_c3,18.8131,0.3029,True,True,False,bulk_1.0.0,0.0,0,0.9718348,843120147.0
