,tid,mjd,candid,fid,pid,diffmaglim,isdiffpos,nid,distnr,magpsf,magpsf_corr,magap,sigmapsf,sigmapsf_corr,sigmapsf_corr_ext,sigmagap,ra,dec,rb,rbversion,drb,magapbig,sigmagapbig,rfid,has_stamp,corrected,dubious,step_id_corr,phase,parent_candid
0,ztf,58733.513761600014,979513765815015006,2,979513765815,19.872887,1,979,1.1322266,20.047962,19.902267,20.4223,0.21026264,0.18161571,0.1838587,0.6007,116.2900343,35.9821997,0.6085714,t17_f5_c3,0.999098,19.9534,0.5012,663120258,True,True,False,bulk_1.0.0,0.0,0
1,ztf,58881.26072920021,1127260725815015005,2,1127260725815,20.318682,1,1127,0.6936637,19.253784,19.181232,19.5477,0.11929797,0.11060919,0.1115867,0.1851,116.2901124,35.9820841,0.8314286,t17_f5_c3,0.99999917,19.5935,0.247,663120258,False,True,False,bulk_1.0.0,0.0,1128160235815015006
2,ztf,58882.16023149993,1128160235815015006,2,1128160235815,20.00974,1,1128,0.5343016,19.69015,19.583426,19.5608,0.20002338,0.18003619,0.18129715,0.2257,116.2901389,35.9820385,0.62285715,t17_f5_c3,0.9992484,19.7071,0.3311,663120258,True,True,False,bulk_1.0.0,0.0,0
3,ztf,59141.44537039986,1387445375815015005,1,1387445375815,20.787848,1,1387,20.477905,20.473671,,20.4934,0.1963811,,,0.2862,116.2901282,35.9821142,0.68714285,t17_f5_c3,0.99891543,20.3533,0.3219,663120158,False,False,False,bulk_1.0.0,0.0,1389497105815015002
4,ztf,59141.492037000135,1387492035815015004,2,1387492035815,20.595716,1,1387,0.652028,19.903376,19.774815,20.0736,0.14768492,0.12869918,0.13119335,0.2424,116.290099,35.9820746,0.7285714,t17_f5_c3,0.9999939,20.053,0.3044,663120258,False,True,False,bulk_1.0.0,0.0,1389497105815015002
5,ztf,59143.49710649997,1389497105815015002,2,1389497105815,20.627884,1,1389,0.96686345,20.352581,20.163603,20.5751,0.18402085,0.15027243,0.15462352,0.3737,116.2899705,35.9821377,0.62857145,t17_f5_c3,0.9994061,20.609,0.4943,663120258,True,True,False,bulk_1.0.0,0.0,0
