,tid,mjd,candid,fid,pid,diffmaglim,isdiffpos,nid,distnr,magpsf,magpsf_corr,magap,sigmapsf,sigmapsf_corr,sigmapsf_corr_ext,sigmagap,ra,dec,rb,rbversion,drb,magapbig,sigmagapbig,rfid,has_stamp,corrected,dubious,step_id_corr,phase,parent_candid
0,ztf,58757.504236099776,1003504233415015007,2,1003504233415,20.064005,1,1003,1.0247589,18.316545,14.318333,18.5614,0.107715845,100.0,0.0027101573,0.1341,85.0346432,-23.4967493,0.4457143,t17_f5_c3,0.5236598,18.5224,0.1484,256120234.0,True,True,False,bulk_1.0.0,0.0,0.0
1,ztf,59153.45077549992,1399450773415015004,2,1399450773415,19.330667,1,1399,1.1471789,18.275936,14.317292,18.4197,0.16787843,100.0,0.004380638,0.1759,85.0346523,-23.4972918,0.39714286,t17_f5_c3,0.4968813,18.5309,0.2408,256120234.0,True,True,False,bulk_1.0.0,0.0,0.0
2,ztf,59186.33185190009,1432331853415015004,2,1432331853415,18.6102,1,1432,1.34387,17.4551,14.285747,18.4469,0.118873,100.0,0.0064171515,0.1645,85.0349326,-23.497356,0.384286,t17_f5_c3,,18.4158,0.1972,,False,True,False,bulk_1.0.0,0.0,1.439294233415015e+18
3,ztf,59193.29423609981,1439294233415015001,2,1439294233415,20.039034,1,1439,1.2956414,18.473368,14.322013,18.4144,0.13620834,100.0,0.002976198,0.1112,85.0350745,-23.4972598,0.50714284,t17_f5_c3,0.46718538,18.294,0.1141,256120234.0,True,True,False,bulk_1.0.0,0.0,0.0
4,ztf,59496.459629599936,1742459623415015003,2,1742459623415,19.985966,1,1742,0.6601409,18.023676,14.309907,18.6573,0.13793994,100.0,0.004510063,0.1421,85.0346889,-23.4971548,0.43285716,t17_f5_c3,0.57594776,18.6563,0.1639,256120234.0,True,True,False,correction_1.0.6,0.0,
5,ztf,59511.50444439985,1757504443415010019,2,1757504443415,19.102322,-1,1757,0.018598769,16.59551,14.492158,16.661,0.059406884,100.0,0.008560435,0.042,85.0347951,-23.4970014,0.77428573,t17_f5_c3,0.99953127,16.6603,0.0522,256120234.0,True,True,False,correction_1.0.6,0.0,
6,ztf,59530.37621530006,1776376213415015005,2,1776376213415,19.902073,1,1776,0.5897446,17.881624,14.304956,18.3658,0.15473185,100.0,0.0057400106,0.1034,85.0346931,-23.4971329,0.5114286,t17_f5_c3,0.57184404,18.3438,0.1161,256120234.0,True,True,False,correction_1.0.6,0.0,
7,ztf,59538.35560189979,1784355603415010001,1,1784355603415,18.74655,-1,1784,0.08876051,17.606916,14.944695,17.8217,0.09991083,100.0,0.0086044725,0.1589,85.0348045,-23.4969839,0.77428573,t17_f5_c3,0.99085385,17.9334,0.2236,256120134.0,True,True,False,correction_1.0.6,0.0,
