,tid,mjd,candid,fid,pid,diffmaglim,isdiffpos,nid,distnr,magpsf,magap,sigmapsf,sigmagap,ra,dec,rb,rbversion,drb,magapbig,sigmagapbig,rfid,has_stamp,corrected,dubious,step_id_corr,phase,parent_candid
0,ztf,58892.513981500175,1138513984015015008,2,1138513984015,19.848787,1,1138,2.7604554,19.56621,19.2502,0.18325943,0.2204,285.37182,63.3572757,0.58,t17_f5_c3,0.9997558,19.4671,0.345,827120240.0,False,False,False,bulk_1.0.0,0.0,1139547294015015020
1,ztf,58892.557256899774,1138557254015015007,1,1138557254015,19.7268,1,1138,4.79761,19.7409,19.7167,0.217307,0.3441,285.3713267,63.3571412,0.82,t17_f5_c3,,20.0657,0.608,,False,False,False,bulk_1.0.0,0.0,1139547294015015020
2,ztf,58893.5472916998,1139547294015015020,2,1139547294015,20.268658,1,1139,2.5751948,19.616467,19.8618,0.12940505,0.3007,285.3714457,63.3571975,0.81142855,t17_f5_c3,0.9999999,19.8291,0.3735,827120240.0,False,False,False,bulk_1.0.0,0.0,1144527384015015006
3,ztf,58894.530729200225,1140530724015015009,2,1140530724015,20.10896,1,1140,2.4714081,19.732265,20.1409,0.18353754,0.3921,285.3714957,63.3571729,0.82857144,t17_f5_c3,0.9999928,20.0177,0.4487,827120240.0,False,False,False,bulk_1.0.0,0.0,1144527384015015006
4,ztf,58894.555659700185,1140555654015015007,1,1140555654015,20.1733,1,1140,4.98804,20.1233,20.2865,0.22759,0.4278,285.3714039,63.3572013,0.802857,t17_f5_c3,,20.1367,0.478,,False,False,False,bulk_1.0.0,0.0,1144527384015015006
5,ztf,58895.51621530019,1141516214015015004,2,1141516214015,20.147503,1,1141,2.6433396,19.694828,19.6375,0.15058266,0.2482,285.3714261,63.3572134,0.86714286,t17_f5_c3,0.99994946,19.6313,0.3158,827120240.0,False,False,False,bulk_1.0.0,0.0,1144527384015015006
6,ztf,58898.527384299785,1144527384015015006,2,1144527384015,20.499107,1,1144,2.6267734,19.810823,19.9444,0.13546759,0.2477,285.3714491,63.3572121,0.7828571,t17_f5_c3,0.99999464,19.8389,0.2871,827120240.0,False,False,False,bulk_1.0.0,0.0,1144555184015015013
7,ztf,58898.55518520018,1144555184015015013,1,1144555184015,20.625034,1,1144,4.9643064,20.349342,20.261,0.19253892,0.2904,285.3713568,63.3571908,0.69142854,t17_f5_c3,0.99997973,20.6614,0.5367,827120140.0,False,False,False,bulk_1.0.0,0.0,1145512714015015008
8,ztf,58899.51271989988,1145512714015015008,2,1145512714015,20.164516,1,1145,2.5167153,20.091637,20.0472,0.17394957,0.3178,285.371521,63.3571888,0.70428574,t17_f5_c3,0.9999887,19.7404,0.307,827120240.0,True,False,False,bulk_1.0.0,0.0,0
