,tid,mjd,candid,fid,pid,diffmaglim,isdiffpos,nid,distnr,magpsf,magap,sigmapsf,sigmagap,ra,dec,rb,rbversion,drb,magapbig,sigmagapbig,rfid,has_stamp,corrected,dubious,step_id_corr,phase,parent_candid
0,ztf,58871.30971059995,1117309713515015006,2,1117309713515,20.245995,1,1117,14.383686,19.831188,19.9451,0.15418214,0.2503,145.2526379,34.1286108,0.70428574,t17_f5_c3,0.99992585,20.0024,0.3382,666120235.0,False,False,False,bulk_1.0.0,0.0,1120349643515015006
1,ztf,58871.423101900145,1117423103515015007,1,1117423103515,20.5346,1,1117,5.60487,20.1378,20.1092,0.22205,0.2128,145.2523866,34.128841,0.628571,t17_f5_c3,,19.8788,0.2205,,False,False,False,bulk_1.0.0,0.0,1120349643515015006
2,ztf,58874.3483564998,1120348353515015010,1,1120348353515,20.96873,1,1120,6.0003643,20.25122,19.9355,0.21113043,0.1509,145.2521842,34.1286642,0.43285716,t17_f5_c3,0.9997385,19.9297,0.1913,666120135.0,True,False,False,bulk_1.0.0,0.0,0
3,ztf,58874.349641200155,1120349643515015006,1,1120349643515,21.015879,1,1120,6.43987,20.271698,20.2536,0.19462475,0.1919,145.2527083,34.1287155,0.61714286,t17_f5_c3,0.999995,20.1929,0.2318,666120135.0,True,False,False,bulk_1.0.0,0.0,0
