,tid,mjd,candid,fid,pid,diffmaglim,isdiffpos,nid,distnr,magpsf,magpsf_corr,magap,sigmapsf,sigmapsf_corr,sigmapsf_corr_ext,sigmagap,ra,dec,rb,rbversion,magapbig,sigmagapbig,has_stamp,corrected,dubious,step_id_corr,phase,parent_candid,drb,rfid
0,ztf,59176.35569440015,1422355692515015000,1,1422355692515,20.2523,1,1422,0.584292,20.1014,18.647882,20.0537,0.230327,0.054928914,0.060386207,0.2856,81.2153932,-24.4276954,0.788571,t17_f5_c3,19.7434,0.2739,False,True,False,bulk_1.0.0,0.0,1422399022515015001,,
1,ztf,59176.39902780019,1422399022515015001,2,1422399022515,20.161798,1,1422,0.36047554,20.03932,17.802065,19.9279,0.20908195,100.0,0.026632657,0.3188,81.2152414,-24.4278074,0.91,t17_f5_c3,19.8089,0.3631,False,True,False,bulk_1.0.0,0.0,1424399752515015002,0.9993603,256120225.0
2,ztf,59178.399756900035,1424399752515015002,1,1424399752515,19.821472,1,1424,0.16232678,19.662163,18.514486,19.6825,0.20432532,0.067443565,0.07099887,0.3097,81.215258,-24.4277094,0.89285713,t17_f5_c3,19.653,0.3859,False,True,False,bulk_1.0.0,0.0,1439294232515015000,0.99973845,256120125.0
3,ztf,59182.37445600005,1428374452515015000,2,1428374452515,19.3499,1,1428,0.415899,19.6758,17.748413,19.6689,0.244574,0.016059775,0.04144341,0.5115,81.2152184,-24.4278137,0.892857,t17_f5_c3,19.5204,0.572,False,True,False,bulk_1.0.0,0.0,1439294232515015000,,
4,ztf,59185.335810199846,1431335812515015000,2,1431335812515,19.411,1,1431,0.223901,19.2526,17.66408,19.0452,0.176705,0.020593522,0.040911067,0.2717,81.2153461,-24.4276852,0.908571,t17_f5_c3,18.9001,0.3046,False,True,False,bulk_1.0.0,0.0,1439294232515015000,,
5,ztf,59193.29423609981,1439294232515015000,2,1439294232515,20.015083,1,1439,0.23591444,19.7107,17.75425,19.7558,0.18587032,100.0,0.030664075,0.2763,81.2153565,-24.4276936,0.9285714,t17_f5_c3,19.4352,0.2615,True,True,False,bulk_1.0.0,0.0,0,0.9999602,256120225.0
