,tid,mjd,candid,fid,pid,diffmaglim,isdiffpos,nid,distnr,magpsf,magpsf_corr,magap,sigmapsf,sigmapsf_corr,sigmapsf_corr_ext,sigmagap,ra,dec,rb,rbversion,drb,magapbig,sigmagapbig,rfid,has_stamp,corrected,dubious,step_id_corr,phase,parent_candid
0,ztf,59205.273958299775,1451273952915015007,1,1451273952915,20.218319,1,1451,0.37681028,20.094845,18.898525,19.7039,0.18818122,0.054077063,0.06252426,0.2357,79.5351831,-10.2390456,0.8057143,t17_f5_c3,0.9999161,19.7946,0.327,356120129.0,False,True,False,bulk_1.0.0,0.0,1470234622915015008
1,ztf,59218.27519680001,1464275192915015013,2,1464275192915,20.2793,1,1464,0.311478,20.4492,18.27374,21.0476,0.290054,100.0,0.0391107,0.8634,79.5349745,-10.239042,0.734286,t17_f5_c3,,20.578,0.7131,,False,True,False,bulk_1.0.0,0.0,1470234622915015008
2,ztf,59224.23462959984,1470234622915015008,2,1470234622915,19.993225,1,1470,0.42501372,20.067781,18.213806,19.8171,0.2048575,100.0,0.037141666,0.287,79.5350779,-10.2388698,0.88,t17_f5_c3,0.99588525,19.8344,0.3707,356120229.0,True,True,False,bulk_1.0.0,0.0,0
