,tid,mjd,candid,fid,pid,diffmaglim,isdiffpos,nid,distnr,magpsf,magap,sigmapsf,sigmagap,ra,dec,rb,rbversion,drb,magapbig,sigmagapbig,rfid,has_stamp,corrected,dubious,step_id_corr,phase,parent_candid
0,ztf,59220.2464815001,1466246480915015002,2,1466246480915,20.05949,1,1466,4.165224,20.050306,20.1194,0.20980634,0.3815,77.7376961,-19.8148772,0.85142857,t17_f5_c3,0.99954677,20.1921,0.5185,305120209.0,False,False,False,bulk_1.0.0,0.0,1476296000915015008
1,ztf,59220.256435200106,1466256430915015005,1,1466256430915,20.0416,1,1466,4.01948,20.0671,20.1028,0.282742,0.3161,77.7377078,-19.8148686,0.422857,t17_f5_c3,,19.8357,0.3155,,False,False,False,bulk_1.0.0,0.0,1476296000915015008
2,ztf,59222.27424769988,1468274240915015006,1,1468274240915,20.180199,1,1468,4.004416,19.907394,19.6066,0.16646484,0.1872,77.7377072,-19.8148408,0.7385714,t17_f5_c3,0.9999808,19.5696,0.2304,305120109.0,False,False,False,bulk_1.0.0,0.0,1476296000915015008
3,ztf,59224.259965300094,1470259960915015013,2,1470259960915,20.171057,1,1470,4.0419407,19.9149,20.0554,0.18921217,0.358,77.7376738,-19.8148405,0.8971428,t17_f5_c3,0.99984455,19.9857,0.4262,305120209.0,False,False,False,bulk_1.0.0,0.0,1476296000915015008
4,ztf,59228.252499999944,1474252500915015004,1,1474252500915,20.127575,1,1474,3.7587414,19.75005,19.7487,0.1810403,0.2218,77.7376325,-19.8148365,0.8357143,t17_f5_c3,0.99994355,19.5605,0.2374,305120109.0,False,False,False,bulk_1.0.0,0.0,1476296000915015008
5,ztf,59230.250115700066,1476250110915015012,2,1476250110915,20.1231,1,1476,4.38274,19.8833,19.5199,0.230126,0.216,77.7377623,-19.8148844,0.575714,t17_f5_c3,,19.701,0.3237,,False,False,False,bulk_1.0.0,0.0,1476296000915015008
6,ztf,59230.29600689979,1476296000915015008,1,1476296000915,19.898726,1,1476,4.142024,19.680847,19.7495,0.2087731,0.2605,77.737737,-19.8148902,0.7757143,t17_f5_c3,0.9890892,19.7962,0.3472,305120109.0,True,False,False,bulk_1.0.0,0.0,0
