,tid,mjd,candid,fid,pid,diffmaglim,isdiffpos,nid,distnr,magpsf,magap,sigmapsf,sigmagap,ra,dec,rb,rbversion,magapbig,sigmagapbig,has_stamp,corrected,dubious,step_id_corr,phase,parent_candid,drb,rfid
0,ztf,59522.45785879996,1768457854315015000,1,1768457854315,20.8592,1,1768,3.26561,20.65,21.0011,0.22277,0.4569,113.5833789,12.6077225,0.667143,t17_f5_c3,21.1114,0.6438,False,False,False,correction_1.0.6,0.0,1.770460704315015e+18,,
1,ztf,59524.460706000216,1770460704315015004,2,1770460704315,20.516642,1,1770,3.0402315,20.431898,20.1395,0.18953736,0.275,113.5833834,12.6076915,0.60142857,t17_f5_c3,20.0953,0.3349,True,False,False,correction_1.0.6,0.0,,0.9952241,515120243.0
2,ztf,59524.50666669989,1770506664315015001,1,1770506664315,20.792545,1,1770,3.343864,20.25563,20.1086,0.19480793,0.2088,113.5833386,12.6077375,0.5371429,t17_f5_c3,19.8887,0.2171,True,False,False,correction_1.0.6,0.0,,0.99916565,515120143.0
3,ztf,59526.4609375,1772460934315015001,1,1772460934315,20.709255,1,1772,3.394849,20.057926,19.823,0.18091224,0.1644,113.5834032,12.607759,0.7757143,t17_f5_c3,19.7424,0.1948,True,False,False,correction_1.0.6,0.0,,0.99997544,515120143.0
4,ztf,59526.48675929988,1772486754315015006,2,1772486754315,20.537,1,1772,2.85339,20.1322,19.451,0.241125,0.1427,113.5834373,12.6076457,0.252857,t17_f5_c3,19.4566,0.182,False,False,False,correction_1.0.6,0.0,1.775404424315015e+18,,
5,ztf,59529.40442130016,1775404424315015001,2,1775404424315,20.316923,1,1775,3.094978,20.095984,19.7604,0.18663006,0.2166,113.5834545,12.6077143,0.5657143,t17_f5_c3,19.6977,0.261,True,False,False,correction_1.0.6,0.0,,0.99995494,515120243.0
6,ztf,59529.50273150019,1775502734315015001,1,1775502734315,20.22576,1,1775,3.842609,19.97152,19.6241,0.17488861,0.1582,113.5833843,12.6078855,0.16428572,t17_f5_c3,19.3295,0.1548,True,False,False,correction_1.0.6,0.0,,0.9952109,515120143.0
7,ztf,59531.44290510006,1777442904315015000,2,1777442904315,20.604952,1,1777,3.2354643,20.104801,19.8822,0.16395779,0.2143,113.5834289,12.6077536,0.63714284,t17_f5_c3,19.9004,0.2765,True,False,False,correction_1.0.6,0.0,,0.9895766,515120243.0
8,ztf,59531.46774310013,1777467744315015003,1,1777467744315,20.72646,1,1777,3.4176168,19.947166,19.852,0.12086469,0.1805,113.5833921,12.6077644,0.85,t17_f5_c3,19.9424,0.2499,True,False,False,correction_1.0.6,0.0,,0.9999063,515120143.0
