,tid,mjd,candid,fid,pid,diffmaglim,isdiffpos,nid,distnr,magpsf,magpsf_corr,magap,sigmapsf,sigmapsf_corr,sigmapsf_corr_ext,sigmagap,ra,dec,rb,rbversion,magapbig,sigmagapbig,has_stamp,corrected,dubious,step_id_corr,phase,parent_candid,drb,rfid
0,ztf,59518.325636600144,1764325632415015005,2,1764325632415,20.8417,1,1764,0.213184,21.0608,19.872509,21.0011,0.229507,0.064808294,0.07682091,0.4686,53.0562156,25.8981159,0.684286,t17_f5_c3,20.9366,0.5658,False,True,False,correction_1.0.6,0.0,1.767285832415015e+18,,
1,ztf,59521.28583330009,1767285832415015004,2,1767285832415,20.848679,1,1767,0.20350546,21.0564,19.871035,20.944,0.20915277,0.056840736,0.0701968,0.4568,53.0562728,25.8981087,0.6585714,t17_f5_c3,20.5898,0.4227,True,True,False,correction_1.0.6,0.0,,0.9999702,607120224.0
