,tid,mjd,candid,fid,pid,diffmaglim,isdiffpos,nid,distnr,magpsf,magpsf_corr,magap,sigmapsf,sigmapsf_corr,sigmapsf_corr_ext,sigmagap,ra,dec,rb,rbversion,magapbig,sigmagapbig,has_stamp,corrected,dubious,step_id_corr,phase,parent_candid,drb,rfid
0,ztf,59526.476111100055,1772476114615015014,1,1772476114615,20.3114,1,1772,0.310992,20.4002,20.269861,20.0507,0.303647,0.26691505,0.26929808,0.2697,161.8065535,11.9298733,0.348571,t17_f5_c3,19.9849,0.3253,False,True,False,correction_1.0.6,0.0,1.777450024615015e+18,,
1,ztf,59531.45002309978,1777450024615015027,2,1777450024615,20.211649,1,1777,0.51129735,19.867891,19.740274,19.7916,0.16139618,0.14251788,0.14349824,0.2734,161.8065449,11.9298876,0.8385714,t17_f5_c3,19.7554,0.3393,True,True,False,correction_1.0.6,0.0,,0.99996495,522120246.0
2,ztf,59531.483576400205,1777483574615015019,1,1777483574615,20.574198,1,1777,0.5074691,19.733494,19.661026,19.7747,0.15799175,0.14637555,0.1477907,0.1892,161.8065148,11.9298279,0.8457143,t17_f5_c3,19.9371,0.2809,True,True,False,correction_1.0.6,0.0,,0.999997,522120146.0
3,ztf,59536.447465300094,1782447464615015004,1,1782447464615,19.2412,1,1782,0.407372,19.3094,19.25984,18.8119,0.25176,0.24011266,0.2405263,0.2499,161.8065191,11.9298963,0.341429,t17_f5_c3,18.543,0.2506,False,True,False,correction_1.0.6,0.0,1.796478874615015e+18,,
4,ztf,59536.51792819984,1782517924615015016,2,1782517924615,19.7646,1,1782,0.717641,19.746,19.631245,19.4851,0.234145,0.21011528,0.21066041,0.3254,161.8066057,11.9298521,0.511429,t17_f5_c3,19.3657,0.3742,False,True,False,correction_1.0.6,0.0,1.796478874615015e+18,,
5,ztf,59550.47887729993,1796478874615015016,1,1796478874615,20.685526,1,1796,0.41234633,20.27991,20.162527,20.7387,0.20384632,0.18006909,0.1829575,0.3599,161.8065672,11.9298132,0.52428573,t17_f5_c3,20.5868,0.401,True,True,False,correction_1.0.6,0.0,,0.9999684,522120146.0
