,tid,mjd,candid,fid,pid,diffmaglim,isdiffpos,nid,distnr,magpsf,magpsf_corr,magap,sigmapsf,sigmapsf_corr,sigmapsf_corr_ext,sigmagap,ra,dec,rb,rbversion,magapbig,sigmagapbig,has_stamp,corrected,dubious,step_id_corr,phase,parent_candid,drb,rfid
0,ztf,59467.45515049994,1713455155015015008,1,1713455155015,20.8167,1,1713,0.504084,20.9748,19.537176,21.0081,0.386316,0.08632202,0.10277639,0.5147,42.9706313,7.1130219,0.598571,t17_f5_c3,20.6337,0.4661,False,True,False,correction_1.0.6,0.0,1.715403135015015e+18,,
1,ztf,59469.40313659981,1715403135015015006,2,1715403135015,20.574322,1,1715,0.41969398,20.45495,18.741154,20.8799,0.21246119,100.0,0.04382892,0.5773,42.9706625,7.1130944,0.80285716,t17_f5_c3,20.6745,0.6086,True,True,False,correction_1.0.6,0.0,,0.99985623,452120250.0
2,ztf,59474.29865740007,1720298655015015003,2,1720298655015,19.5161,1,1720,0.344357,19.9893,18.62738,19.8186,0.348356,0.090309784,0.099369995,0.4886,42.9704731,7.1131224,0.671429,t17_f5_c3,19.4652,0.4528,False,True,False,correction_1.0.6,0.0,1.730342315015015e+18,,
3,ztf,59474.38008099981,1720380085015015000,1,1720380085015,19.9674,1,1720,0.344462,20.4882,19.385021,20.5164,0.360979,0.121352576,0.13068056,0.647,42.9705441,7.1130449,0.721429,t17_f5_c3,20.3548,0.7155,False,True,False,correction_1.0.6,0.0,1.730342315015015e+18,,
4,ztf,59484.34231479978,1730342315015015002,2,1730342315015,19.99783,1,1730,0.114874214,20.016043,18.634941,19.9691,0.21303044,0.042683557,0.05970368,0.4456,42.9705601,7.1131234,0.8385714,t17_f5_c3,19.9725,0.5725,True,True,False,correction_1.0.6,0.0,,0.99999434,452120250.0
