,tid,mjd,candid,fid,pid,diffmaglim,isdiffpos,nid,distnr,magpsf,magpsf_corr,magap,sigmapsf,sigmapsf_corr,sigmapsf_corr_ext,sigmagap,ra,dec,rb,rbversion,magapbig,sigmagapbig,has_stamp,corrected,dubious,step_id_corr,phase,parent_candid,drb,rfid
0,ztf,59532.4658102002,1778465813715015009,2,1778465813715,20.3147,1,1778,0.504057,20.2473,19.614624,20.0006,0.221572,0.12055246,0.12372131,0.2941,152.4352159,19.9781591,0.71,t17_f5_c3,19.6529,0.2739,False,True,False,correction_1.0.6,0.0,1.778529423715015e+18,,
1,ztf,59532.52942130016,1778529423715015014,1,1778529423715,20.573122,1,1778,0.5531248,20.225174,19.716822,20.3246,0.206455,0.1277958,0.12926617,0.2924,152.4352793,19.978052,0.91571426,t17_f5_c3,20.6789,0.5189,True,True,False,correction_1.0.6,0.0,,0.9111099,571120137.0
2,ztf,59550.5191434999,1796519143715015014,2,1796519143715,20.66484,1,1796,0.45328265,20.170635,19.57115,19.8341,0.16497506,0.091139324,0.09497828,0.2039,152.4352071,19.9781482,0.7157143,t17_f5_c3,20.2885,0.3961,True,True,False,correction_1.0.6,0.0,,0.99882543,571120237.0
