,tid,mjd,candid,fid,pid,diffmaglim,isdiffpos,nid,distnr,magpsf,magpsf_corr,magap,sigmapsf,sigmapsf_corr,sigmapsf_corr_ext,sigmagap,ra,dec,rb,rbversion,magapbig,sigmagapbig,has_stamp,corrected,dubious,step_id_corr,phase,parent_candid,drb,rfid
0,ztf,59523.44850690011,1769448504215015004,1,1769448504215,20.7278,1,1769,0.096674,21.0798,20.126656,21.0736,0.345199,0.13820677,0.1434868,0.5175,101.0014439,19.7550732,0.602857,t17_f5_c3,20.7201,0.4781,False,True,False,correction_1.0.6,0.0,1.771466034215015e+18,,
1,ztf,59525.466030099895,1771466034215015003,1,1771466034215,20.814747,1,1771,0.26592588,20.35447,19.765173,20.1621,0.2103453,0.1190732,0.12224016,0.208,101.0015067,19.755073,0.67285717,t17_f5_c3,19.9549,0.2191,True,True,False,correction_1.0.6,0.0,,0.999986,564120142.0
2,ztf,59530.381458300166,1776381454215015009,2,1776381454215,20.255907,1,1776,1.198959,19.45018,18.89098,19.3465,0.11564281,0.061130848,0.06909375,0.1449,101.0014849,19.7551335,0.7714286,t17_f5_c3,19.4027,0.1945,True,True,False,correction_1.0.6,0.0,,1.0,564120242.0
3,ztf,59532.43694439996,1778436944215015014,2,1778436944215,20.533178,1,1778,1.1068393,19.448719,18.890108,19.4114,0.11127137,0.058217995,0.06651793,0.1375,101.0015193,19.7551204,0.8214286,t17_f5_c3,19.563,0.2011,True,True,False,correction_1.0.6,0.0,,0.9999999,564120242.0
