,tid,mjd,candid,fid,pid,diffmaglim,isdiffpos,nid,distnr,magpsf,magpsf_corr,magap,sigmapsf,sigmapsf_corr,sigmapsf_corr_ext,sigmagap,ra,dec,rb,rbversion,magapbig,sigmagapbig,has_stamp,corrected,dubious,step_id_corr,phase,parent_candid,drb,rfid
0,ztf,59525.468518500216,1771468511315015001,1,1771468511315,20.8477,1,1771,0.954625,20.7535,18.951864,21.137,0.220893,100.0,0.042026944,0.4884,121.360432,31.2430761,0.688571,t17_f5_c3,20.9596,0.5069,False,True,False,correction_1.0.6,0.0,1.777381090015015e+18,,
1,ztf,59531.38109950023,1777381090015015001,1,1777381090015,20.585361,1,1777,0.6915204,20.445763,18.883913,20.2675,0.20438093,0.010751064,0.0484954,0.2795,121.3603844,31.2431213,0.85,t17_f5_c3,20.4899,0.4386,True,True,False,correction_1.0.6,0.0,,0.99899805,663120100.0
2,ztf,59531.42171300016,1777421710015015003,2,1777421710015,20.593058,1,1777,1.0000156,20.18544,18.142542,20.1852,0.20270005,100.0,0.030881248,0.2783,121.3603797,31.2430557,0.8685714,t17_f5_c3,20.6634,0.5601,True,True,False,correction_1.0.6,0.0,,0.9980886,663120200.0
