,tid,mjd,candid,fid,pid,diffmaglim,isdiffpos,nid,distnr,magpsf,magpsf_corr,magap,sigmapsf,sigmapsf_corr,sigmapsf_corr_ext,sigmagap,ra,dec,rb,rbversion,drb,magapbig,sigmagapbig,rfid,has_stamp,corrected,dubious,step_id_corr,phase,parent_candid
0,ztf,59458.3639814998,1704363984515015027,2,1704363984515,20.36454,1,1704,0.82948375,20.444206,19.419094,20.5184,0.1910963,0.06534695,0.07433744,0.4345,27.2734899,20.1787083,0.8242857,t17_f5_c3,0.99974513,19.9902,0.3424,554120245.0,True,True,False,correction_1.0.6,0.0,
1,ztf,59460.36479170015,1706364794515015027,2,1706364794515,20.496,1,1706,1.5714,20.8335,,20.9558,0.245828,,,0.5747,27.2733207,20.1785488,0.714286,t17_f5_c3,,20.4862,0.4785,,False,False,True,correction_1.0.6,0.0,1.706404504515015e+18
2,ztf,59460.40450230008,1706404504515015030,1,1706404504515,20.844515,1,1706,1.1996578,20.591717,20.051765,20.3771,0.18548496,0.10911812,0.11280497,0.2636,27.2734762,20.1786664,0.7214286,t17_f5_c3,0.9999666,20.1821,0.2821,554120145.0,True,True,False,correction_1.0.6,0.0,
