,tid,mjd,candid,fid,pid,diffmaglim,isdiffpos,nid,distnr,magpsf,magpsf_corr,magap,sigmapsf,sigmapsf_corr,sigmapsf_corr_ext,sigmagap,ra,dec,rb,rbversion,magapbig,sigmagapbig,has_stamp,corrected,dubious,step_id_corr,phase,parent_candid,drb,rfid
0,ztf,59526.466597199906,1772466591515015022,1,1772466591515,20.7416,1,1772,0.31512,21.0929,20.15655,21.7397,0.355715,0.14879462,0.15016288,0.9055,133.4077555,22.503875,0.567143,t17_f5_c3,21.6883,1.1078,False,True,True,correction_1.0.6,0.0,1.777494291515015e+18,,
1,ztf,59529.50932870014,1775509321515015022,1,1775509321515,20.5151,1,1775,0.506285,20.8046,20.025406,20.0659,0.266972,0.12901412,0.13025324,0.2136,133.4079165,22.5040406,0.285714,t17_f5_c3,19.9356,0.2424,False,True,True,correction_1.0.6,0.0,1.777494291515015e+18,,
2,ztf,59531.453807900194,1777453801515015038,2,1777453801515,20.5974,1,1777,0.686297,20.7603,19.856861,20.5183,0.269002,0.114504434,0.11705226,0.4,133.4077071,22.503935,0.584286,t17_f5_c3,20.4442,0.4787,False,True,True,correction_1.0.6,0.0,1.777494291515015e+18,,
3,ztf,59531.49429399986,1777494291515015030,1,1777494291515,20.780537,1,1777,0.45819092,20.745396,19.996119,20.8442,0.20396838,0.10079561,0.1022944,0.4109,133.4079809,22.5038922,0.83,t17_f5_c3,20.8604,0.5336,True,True,True,correction_1.0.6,0.0,,0.9998559,618120115.0
