,tid,mjd,candid,fid,pid,diffmaglim,isdiffpos,nid,distnr,magpsf,magpsf_corr,magap,sigmapsf,sigmapsf_corr,sigmapsf_corr_ext,sigmagap,ra,dec,rb,rbversion,magapbig,sigmagapbig,has_stamp,corrected,dubious,step_id_corr,phase,parent_candid,drb,rfid
0,ztf,59453.37737269979,1699377373015015012,1,1699377373015,19.8717,1,1699,0.558846,19.7098,18.142578,20.5469,0.211917,0.040754385,0.050035365,0.7462,336.8853561,-18.7605013,0.794286,t17_f5_c3,20.3871,0.8243,False,True,False,correction_1.0.6,0.0,1.705293613015015e+18,,
1,ztf,59456.31511570001,1702315113015015018,1,1702315113015,19.9831,1,1702,0.533236,20.1403,18.229912,20.2593,0.243779,0.027766854,0.041960485,0.4518,336.8853182,-18.7605555,0.9,t17_f5_c3,20.1403,0.5157,False,True,False,correction_1.0.6,0.0,1.705293613015015e+18,,
2,ztf,59459.29361109994,1705293613015015015,1,1705293613015,20.589931,1,1705,0.26529714,19.94727,18.194145,19.9359,0.16286063,0.011103226,0.032401584,0.2199,336.8852718,-18.7604399,0.9557143,t17_f5_c3,20.0091,0.2954,True,True,False,correction_1.0.6,0.0,,0.99999607,342120130.0
3,ztf,59463.29334490001,1709293343015015013,2,1709293343015,20.2014,1,1709,0.493737,20.0525,17.682192,20.2269,0.241715,100.0,0.027238319,0.4193,336.8853174,-18.7605388,0.918571,t17_f5_c3,20.1729,0.5033,False,True,False,correction_1.0.6,0.0,1.713228113015015e+18,,
4,ztf,59467.22811339982,1713228113015015015,1,1713228113015,20.316854,1,1713,0.14228213,20.222534,18.24363,20.2421,0.20854585,0.010987677,0.03370075,0.3681,336.8851964,-18.7605002,0.92,t17_f5_c3,20.3709,0.5247,True,True,False,correction_1.0.6,0.0,,0.9997082,342120130.0
