,tid,mjd,candid,fid,pid,diffmaglim,isdiffpos,nid,distnr,magpsf,magpsf_corr,magap,sigmapsf,sigmapsf_corr,sigmapsf_corr_ext,sigmagap,ra,dec,rb,rbversion,magapbig,sigmagapbig,has_stamp,corrected,dubious,step_id_corr,phase,parent_candid,drb,rfid
0,ztf,59487.4208217999,1733420822815015018,1,1733420822815,20.5165,1,1733,0.285453,20.7136,20.403397,21.108,0.296572,0.21977077,0.22286846,0.654,49.8390077,18.4239438,0.725714,t17_f5_c3,20.5652,0.5098,False,True,False,correction_1.0.6,0.0,1.735380502815015e+18,,
1,ztf,59489.38050930016,1735380502815015017,1,1735380502815,20.736462,1,1735,0.21813878,20.533964,20.265705,20.5791,0.2102683,0.16096498,0.16423675,0.3425,49.8389274,18.4238244,0.80857146,t17_f5_c3,20.936,0.6087,True,True,False,correction_1.0.6,0.0,,0.9997616,557120128.0
2,ztf,59489.38050930016,1735380502815035017,1,1735380502815,20.7365,1,1735,0.218139,20.534,20.265734,20.5791,0.210268,0.16096334,0.16423532,0.3425,49.8389274,18.4238244,0.808571,t17_f5_c3,20.936,0.6087,False,True,False,correction_1.0.6,0.0,1.744424602815015e+18,,
3,ztf,59489.4227661998,1735422762815035020,2,1735422762815,20.6385,1,1735,0.378467,20.7547,20.326902,20.8563,0.248356,0.16453327,0.1674771,0.5388,49.8390596,18.4239267,0.512857,t17_f5_c3,20.4476,0.4749,False,True,False,correction_1.0.6,0.0,1.744424602815015e+18,,
4,ztf,59498.42460650019,1744424602815015009,1,1744424602815,20.84761,1,1744,0.2375722,20.36927,20.13499,20.1739,0.18753321,0.14834295,0.15113549,0.2218,49.8389066,18.423836,0.6642857,t17_f5_c3,20.202,0.2912,True,True,False,correction_1.0.6,0.0,,0.999744,557120128.0
5,ztf,59503.44498840021,1749444982815015010,1,1749444982815,20.492659,1,1749,0.38833058,20.400349,20.159967,20.0257,0.2119216,0.16723533,0.16983326,0.2249,49.839015,18.4237806,0.5657143,t17_f5_c3,19.9393,0.2662,True,True,False,correction_1.0.6,0.0,,0.9999367,557120128.0
6,ztf,59518.32469910011,1764324692815015026,2,1764324692815,20.9062,1,1764,0.295569,20.7913,20.351446,20.5481,0.241435,0.15780483,0.16101226,0.3238,49.8389719,18.4238211,0.428571,t17_f5_c3,20.1837,0.2972,False,True,False,correction_1.0.6,0.0,1.764353322815015e+18,,
7,ztf,59518.35332180001,1764353322815015025,1,1764353322815,20.994295,1,1764,0.05834778,20.965525,20.587046,20.8078,0.21317579,0.14390032,0.15043414,0.3331,49.8389669,18.4238596,0.7614286,t17_f5_c3,20.3111,0.2707,True,True,False,correction_1.0.6,0.0,,0.99999505,557120128.0
