,tid,mjd,candid,fid,pid,diffmaglim,isdiffpos,nid,distnr,magpsf,magpsf_corr,magap,sigmapsf,sigmapsf_corr,sigmapsf_corr_ext,sigmagap,ra,dec,rb,rbversion,magapbig,sigmagapbig,has_stamp,corrected,dubious,step_id_corr,phase,parent_candid,drb,rfid
0,ztf,59465.40282410011,1711402824115015023,1,1711402824115,20.5706,1,1711,1.21814,20.7597,20.194633,20.6483,0.235606,0.13750364,0.14001003,0.4106,3.6051666,5.6571279,0.675714,t17_f5_c3,20.3922,0.416,False,True,True,correction_1.0.6,0.0,1.713424984115015e+18,,
1,ztf,59467.37887729984,1713378874115015024,2,1713378874115,20.6574,1,1713,0.736071,20.7544,19.559713,19.9974,0.229863,0.07479302,0.07648817,0.235,3.6050779,5.6572457,0.444286,t17_f5_c3,19.9081,0.277,False,True,True,correction_1.0.6,0.0,1.713424984115015e+18,,
2,ztf,59467.42498840019,1713424984115015023,1,1713424984115,20.626593,1,1713,1.0334684,20.59034,20.090837,20.2829,0.19887787,0.12323172,0.12554109,0.2956,3.6051428,5.6571777,0.7271429,t17_f5_c3,20.0975,0.3193,True,True,True,correction_1.0.6,0.0,,0.99990964,447120141.0
