,tid,mjd,candid,fid,pid,diffmaglim,isdiffpos,nid,distnr,magpsf,magap,sigmapsf,sigmagap,ra,dec,rb,rbversion,drb,magapbig,sigmagapbig,rfid,has_stamp,corrected,dubious,step_id_corr,phase,parent_candid
0,ztf,59517.465983800124,1763465984315015031,1,1763465984315,20.607979,1,1763,1.7082132,20.153608,20.1571,0.15678369,0.2648,105.8148988,26.6041657,0.74714285,t17_f5_c3,0.9989511,19.9527,0.2813,614120143.0,True,False,False,correction_1.0.6,0.0,
1,ztf,59517.50348380022,1763503484315015033,2,1763503484315,20.638737,1,1763,1.9553864,20.281551,20.0194,0.18626429,0.2087,105.8149058,26.6040998,0.39714286,t17_f5_c3,0.9977885,20.0659,0.2788,614120243.0,True,False,False,correction_1.0.6,0.0,
2,ztf,59521.34498840012,1767344984315015031,1,1767344984315,20.703074,1,1767,1.5195813,20.26928,19.9481,0.18364222,0.2012,105.8148537,26.6040892,0.5257143,t17_f5_c3,0.9999919,19.9536,0.2584,614120143.0,True,False,False,correction_1.0.6,0.0,
3,ztf,59521.45101850014,1767451014315015025,2,1767451014315,20.5545,1,1767,1.98819,20.3623,20.4193,0.22202,0.3106,105.8149115,26.6041304,0.451429,t17_f5_c3,,20.7178,0.5237,,False,False,False,correction_1.0.6,0.0,1.769449454315015e+18
4,ztf,59523.44945599977,1769449454315015025,1,1769449454315,20.81129,1,1769,1.7614944,20.254555,20.1192,0.1781198,0.2151,105.8149198,26.6041415,0.62285715,t17_f5_c3,0.9978862,19.7662,0.1992,614120143.0,True,False,False,correction_1.0.6,0.0,
5,ztf,59523.49936340004,1769499364315015032,2,1769499364315,20.5692,1,1769,1.9268,20.5002,20.6058,0.232615,0.3861,105.8148995,26.6040895,0.425714,t17_f5_c3,,20.4618,0.4343,,False,False,False,correction_1.0.6,0.0,1.771466504315015e+18
6,ztf,59525.4665045999,1771466504315015025,1,1771466504315,20.952118,1,1771,1.6347222,20.426443,20.2676,0.19654688,0.2143,105.814889,26.6040929,0.6642857,t17_f5_c3,0.9999807,20.1956,0.2561,614120143.0,True,False,False,correction_1.0.6,0.0,
