,tid,mjd,candid,fid,pid,diffmaglim,isdiffpos,nid,distnr,magpsf,magpsf_corr,magap,sigmapsf,sigmapsf_corr,sigmapsf_corr_ext,sigmagap,ra,dec,rb,rbversion,magapbig,sigmagapbig,has_stamp,corrected,dubious,step_id_corr,phase,parent_candid,drb,rfid
0,ztf,59488.37033559987,1734370334715015022,1,1734370334715,20.7706,1,1734,0.666006,20.7801,18.64183,20.6937,0.249461,100.0,0.034809247,0.3904,36.0984828,26.4005382,0.914286,t17_f5_c3,20.3822,0.3706,False,True,False,correction_1.0.6,0.0,1.740283334715015e+18,,
1,ztf,59494.28333330015,1740283334715015024,2,1740283334715,20.186941,1,1740,0.3332773,19.64231,17.532194,19.5032,0.14144333,100.0,0.020255206,0.1883,36.0987081,26.4004908,0.9514286,t17_f5_c3,19.4157,0.2176,True,True,False,correction_1.0.6,0.0,,0.99979323,605120247.0
2,ztf,59498.37121530017,1744371214715015031,2,1744371214715,20.762262,1,1744,0.4871658,19.606096,17.526934,19.6655,0.11512363,100.0,0.016962882,0.1781,36.0985771,26.4004548,0.9342857,t17_f5_c3,19.7217,0.2328,True,True,False,correction_1.0.6,0.0,,0.99999756,605120247.0
3,ztf,59503.36508100014,1749365084715015022,2,1749365084715,20.149,1,1749,0.555839,19.6621,17.535007,19.1728,0.144423,100.0,0.020361,0.1629,36.0986015,26.4004235,0.798571,t17_f5_c3,19.288,0.2289,False,True,False,correction_1.0.6,0.0,1.749446404715015e+18,,
4,ztf,59503.4464004999,1749446404715015030,1,1749446404715,20.477966,1,1749,0.6391415,19.956509,18.482182,20.0349,0.19164558,0.0051155454,0.04929104,0.2397,36.0985785,26.4004537,0.94142854,t17_f5_c3,20.2239,0.3608,True,True,False,correction_1.0.6,0.0,,0.99999297,605120147.0
5,ztf,59505.36133099999,1751361334715015008,2,1751361334715,19.551,1,1751,0.264786,19.6053,17.526817,19.7303,0.224998,100.0,0.033173025,0.3701,36.0987391,26.4005653,0.752857,t17_f5_c3,19.8145,0.5099,False,True,False,correction_1.0.6,0.0,1.767266884715015e+18,,
6,ztf,59521.26688659983,1767266884715015028,2,1767266884715,20.711168,1,1767,0.51745874,20.353056,17.609575,20.1825,0.18538032,100.0,0.014813964,0.2839,36.0985063,26.40052,0.8314286,t17_f5_c3,20.156,0.345,True,True,False,correction_1.0.6,0.0,,0.9999335,605120247.0
