,tid,mjd,candid,fid,pid,diffmaglim,isdiffpos,nid,distnr,magpsf,magap,sigmapsf,sigmagap,ra,dec,rb,rbversion,magapbig,sigmagapbig,has_stamp,corrected,dubious,step_id_corr,phase,parent_candid,drb,rfid
0,ztf,59531.39501160011,1777395013515015014,1,1777395013515,20.6588,1,1777,3.45743,20.417,20.3606,0.222931,0.3099,120.5953303,19.496871,0.85,t17_f5_c3,20.3613,0.3932,False,False,False,correction_1.0.6,0.0,1.778487624615015e+18,,
1,ztf,59531.44337960007,1777443373515015008,2,1777443373515,20.478,1,1777,3.20828,20.3285,19.9037,0.20491,0.2393,120.5953004,19.4967593,0.564286,t17_f5_c3,19.9098,0.3048,False,False,False,correction_1.0.6,0.0,1.778487624615015e+18,,
2,ztf,59532.48762729997,1778487624615015015,1,1778487624615,20.67467,1,1778,3.137983,19.983385,20.0649,0.17350203,0.2139,120.5953559,19.4968229,0.8971428,t17_f5_c3,20.1251,0.2857,True,False,False,correction_1.0.6,0.0,,0.99997675,567120146.0
3,ztf,59536.41929400014,1782419293515015004,1,1782419293515,19.274921,1,1782,3.4435546,19.495113,19.2438,0.21465142,0.3484,120.595364,19.4968029,0.86285716,t17_f5_c3,19.1037,0.3929,True,False,False,correction_1.0.6,0.0,,0.9873899,566120135.0
4,ztf,59536.48234950006,1782482343515015007,2,1782482343515,19.987753,1,1782,3.3894925,19.597385,19.3949,0.18936265,0.2368,120.595329,19.4968468,0.7114286,t17_f5_c3,19.4444,0.3165,True,False,False,correction_1.0.6,0.0,,0.9998441,566120235.0
5,ztf,59538.39535879996,1784395353515015007,1,1784395353515,19.3135,1,1784,3.6996,19.3546,19.3605,0.226457,0.3664,120.5953934,19.4969065,0.831429,t17_f5_c3,19.1341,0.3816,False,False,False,correction_1.0.6,0.0,1.796283313515015e+18,,
6,ztf,59550.28331020009,1796283313515015025,1,1796283313515,20.198982,1,1796,3.5714602,19.487309,19.4957,0.13807653,0.2125,120.5953818,19.4968489,0.92142856,t17_f5_c3,19.811,0.3608,True,False,False,correction_1.0.6,0.0,,0.99990064,566120135.0
7,ztf,59550.30951389996,1796309514615015012,1,1796309514615,20.45193,1,1796,3.1347501,19.388891,19.5775,0.14172243,0.1592,120.5953434,19.496857,0.94285715,t17_f5_c3,19.4974,0.1872,True,False,False,correction_1.0.6,0.0,,0.9999992,567120146.0
8,ztf,59550.37900459999,1796379003515015009,2,1796379003515,20.49107,1,1796,3.333636,19.351742,19.2113,0.101886295,0.1273,120.5953176,19.4968232,0.88285714,t17_f5_c3,19.1272,0.1485,True,False,False,correction_1.0.6,0.0,,0.99293387,566120235.0
