,tid,mjd,candid,fid,pid,diffmaglim,isdiffpos,nid,distnr,magpsf,magpsf_corr,magap,sigmapsf,sigmapsf_corr,sigmapsf_corr_ext,sigmagap,ra,dec,rb,rbversion,magapbig,sigmagapbig,has_stamp,corrected,dubious,step_id_corr,phase,parent_candid,drb,rfid
0,ztf,59529.38195599988,1775381951115015015,1,1775381951115,20.4364,1,1775,1.10432,20.3227,19.1378,20.0413,0.229355,0.06779322,0.07701014,0.2468,108.9843146,15.6617417,0.591429,t17_f5_c3,20.4527,0.4934,False,True,False,correction_1.0.6,0.0,1.777379681115015e+18,,
1,ztf,59531.379687500186,1777379681115015013,1,1777379681115,20.474531,1,1777,0.8771013,19.947016,18.996666,19.7227,0.15105788,0.054164026,0.0629511,0.185,108.984232,15.6617311,0.77428573,t17_f5_c3,19.9325,0.3076,True,True,False,correction_1.0.6,0.0,,0.9996691,565120111.0
2,ztf,59536.40626160009,1782406261115015011,1,1782406261115,19.549088,1,1782,1.0419875,19.840178,18.95086,19.7888,0.21318744,0.088805124,0.093979664,0.4574,108.9842867,15.6617464,0.7385714,t17_f5_c3,20.1135,0.8046,True,True,False,correction_1.0.6,0.0,,0.998824,565120111.0
