,tid,mjd,candid,fid,pid,diffmaglim,isdiffpos,nid,distnr,magpsf,magpsf_corr,magap,sigmapsf,sigmapsf_corr,sigmapsf_corr_ext,sigmagap,ra,dec,rb,rbversion,magapbig,sigmagapbig,has_stamp,corrected,dubious,step_id_corr,phase,parent_candid,drb,rfid
0,ztf,59487.44802080002,1733448020115015005,1,1733448020115,19.8222,1,1733,0.913126,19.9343,18.765545,19.53,0.231896,0.06415958,0.07902992,0.2503,96.4890231,30.94126,0.742857,t17_f5_c3,19.4906,0.3088,False,True,False,correction_1.0.6,0.0,1.733499280115015e+18,,
1,ztf,59487.499282400124,1733499280115015010,2,1733499280115,19.910282,1,1733,1.0592752,19.36861,17.874088,19.2064,0.12274603,100.0,0.03098835,0.1903,96.4890704,30.9412885,0.93857145,t17_f5_c3,19.1211,0.2237,True,True,False,correction_1.0.6,0.0,,0.9999897,660120201.0
2,ztf,59496.390625,1742390620115015010,1,1742390620115,20.2808,1,1742,1.09308,20.1371,18.830492,20.1064,0.239367,0.05255863,0.07184909,0.2931,96.4889482,30.9413268,0.884286,t17_f5_c3,20.0687,0.3607,False,True,False,correction_1.0.6,0.0,1.749466780115015e+18,,
3,ztf,59498.448310200125,1744448310115015012,1,1744448310115,20.4994,1,1744,1.17039,20.3757,18.89677,20.4333,0.223216,0.023593904,0.057168078,0.3492,96.4890518,30.941327,0.682857,t17_f5_c3,20.0915,0.3242,False,True,False,correction_1.0.6,0.0,1.749466780115015e+18,,
4,ztf,59503.46678239992,1749466780115015015,1,1749466780115,20.663496,1,1749,1.1474557,20.607231,18.95153,20.4665,0.21309476,100.0,0.046375908,0.3343,96.489041,30.9413245,0.59,t17_f5_c3,20.2707,0.355,True,True,False,correction_1.0.6,0.0,,0.99904495,660120101.0
